$0.50	$1.00	$2.00	$5.00	$10.00	$20.00	$30.00	
$0.05	$0.10	$0.20	$0.50	$1.00	$2.00	$3.00	83.2
$0.10	$0.20	$0.40	$1.00	$2.00	$4.00	$6.00	59.43
$0.15	$0.30	$0.60	$1.50	$3.00	$6.00	$9.00	104
$0.20	$0.40	$0.80	$2.00	$4.00	$8.00	$12.00	104
$0.25	$0.50	$1.00	$2.50	$5.00	$10.00	$15.00	104
$0.30	$0.60	$1.20	$3.00	$6.00	$12.00	$18.00	104
$0.35	$0.70	$1.40	$3.50	$7.00	$14.00	$21.00	277.33
$0.40	$0.80	$1.60	$4.00	$8.00	$16.00	$24.00	416
$0.45	$0.90	$1.80	$4.50	$9.00	$18.00	$27.00	462.22
$0.50	$1.00	$2.00	$5.00	$10.00	$20.00	$30.00	27.73
$0.55	$1.10	$2.20	$5.50	$11.00	$22.00	$33.00	104
$0.60	$1.20	$2.40	$6.00	$12.00	$24.00	$36.00	104
$0.65	$1.30	$2.60	$6.50	$13.00	$26.00	$39.00	138.67
$0.70	$1.40	$2.80	$7.00	$14.00	$28.00	$42.00	138.67
$0.75	$1.50	$3.00	$7.50	$15.00	$30.00	$45.00	41.6
$0.80	$1.60	$3.20	$8.00	$16.00	$32.00	$48.00	416
$0.85	$1.70	$3.40	$8.50	$17.00	$34.00	$51.00	1155.56
$0.90	$1.80	$3.60	$9.00	$18.00	$36.00	$54.00	1386.67
$0.95	$1.90	$3.80	$9.50	$19.00	$38.00	$57.00	2080
$1.00	$2.00	$4.00	$10.00	$20.00	$40.00	$60.00	41.6
$1.05	$2.10	$4.20	$10.50	$21.00	$42.00	$63.00	2773.33
$1.10	$2.20	$4.40	$11.00	$22.00	$44.00	$66.00	2773.33
$1.15	$2.30	$4.60	$11.50	$23.00	$46.00	$69.00	2773.33
$1.20	$2.40	$4.80	$12.00	$24.00	$48.00	$72.00	2773.33
$1.25	$2.50	$5.00	$12.50	$25.00	$50.00	$75.00	520
$1.30	$2.60	$5.20	$13.00	$26.00	$52.00	$78.00	2773.33
$1.35	$2.70	$5.40	$13.50	$27.00	$54.00	$81.00	2773.33
$1.40	$2.80	$5.60	$14.00	$28.00	$56.00	$84.00	2773.33
$1.45	$2.90	$5.80	$14.50	$29.00	$58.00	$87.00	2773.33
$1.50	$3.00	$6.00	$15.00	$30.00	$60.00	$90.00	577.78
$1.55	$3.10	$6.20	$15.50	$31.00	$62.00	$93.00	2133.33
$1.60	$3.20	$6.40	$16.00	$32.00	$64.00	$96.00	2133.33
$1.65	$3.30	$6.60	$16.50	$33.00	$66.00	$99.00	2133.33
$1.70	$3.40	$6.80	$17.00	$34.00	$68.00	$102.00	5546.67
$1.75	$3.50	$7.00	$17.50	$35.00	$70.00	$105.00	5546.67
$1.80	$3.60	$7.20	$18.00	$36.00	$72.00	$108.00	2133.33
$1.85	$3.70	$7.40	$18.50	$37.00	$74.00	$111.00	5546.67
$1.90	$3.80	$7.60	$19.00	$38.00	$76.00	$114.00	5546.67
$1.95	$3.90	$7.80	$19.50	$39.00	$78.00	$117.00	5546.67
$2.00	$4.00	$8.00	$20.00	$40.00	$80.00	$120.00	2133.33
$2.05	$4.10	$8.20	$20.50	$41.00	$82.00	$123.00	2937.85
$2.10	$4.20	$8.40	$21.00	$42.00	$84.00	$126.00	5546.67
$2.15	$4.30	$8.60	$21.50	$43.00	$86.00	$129.00	2937.85
$2.20	$4.40	$8.80	$22.00	$44.00	$88.00	$132.00	2937.85
$2.25	$4.50	$9.00	$22.50	$45.00	$90.00	$135.00	2937.85
$2.30	$4.60	$9.20	$23.00	$46.00	$92.00	$138.00	2937.85
$2.35	$4.70	$9.40	$23.50	$47.00	$94.00	$141.00	2937.85
$2.40	$4.80	$9.60	$24.00	$48.00	$96.00	$144.00	2937.85
$2.45	$4.90	$9.80	$24.50	$49.00	$98.00	$147.00	2937.85
$2.50	$5.00	$10.00	$25.00	$50.00	$100.00	$150.00	796.02
$2.55	$5.10	$10.20	$25.50	$51.00	$102.00	$153.00	5430.81
$2.60	$5.20	$10.40	$26.00	$52.00	$104.00	$156.00	5430.81
$2.65	$5.30	$10.60	$26.50	$53.00	$106.00	$159.00	5430.81
$2.70	$5.40	$10.80	$27.00	$54.00	$108.00	$162.00	5430.81
$2.75	$5.50	$11.00	$27.50	$55.00	$110.00	$165.00	5430.81
$2.80	$5.60	$11.20	$28.00	$56.00	$112.00	$168.00	5430.81
$2.85	$5.70	$11.40	$28.50	$57.00	$114.00	$171.00	23111.11
$2.90	$5.80	$11.60	$29.00	$58.00	$116.00	$174.00	41600
$2.95	$5.90	$11.80	$29.50	$59.00	$118.00	$177.00	41600
$3.00	$6.00	$12.00	$30.00	$60.00	$120.00	$180.00	12235.29
$3.05	$6.10	$12.20	$30.50	$61.00	$122.00	$183.00	13866.67
$3.10	$6.20	$12.40	$31.00	$62.00	$124.00	$186.00	10947.37
$3.15	$6.30	$12.60	$31.50	$63.00	$126.00	$189.00	13866.67
$3.20	$6.40	$12.80	$32.00	$64.00	$128.00	$192.00	23111.11
$3.25	$6.50	$13.00	$32.50	$65.00	$130.00	$195.00	12235.29
$3.30	$6.60	$13.20	$33.00	$66.00	$132.00	$198.00	18909.09
$3.35	$6.70	$13.40	$33.50	$67.00	$134.00	$201.00	18909.09
$3.40	$6.80	$13.60	$34.00	$68.00	$136.00	$204.00	13866.67
$3.45	$6.90	$13.80	$34.50	$69.00	$138.00	$207.00	18909.09
$3.50	$7.00	$14.00	$35.00	$70.00	$140.00	$210.00	3014.49
$3.55	$7.10	$14.20	$35.50	$71.00	$142.00	$213.00	5621.62
$3.60	$7.20	$14.40	$36.00	$72.00	$144.00	$216.00	5621.62
$3.65	$7.30	$14.60	$36.50	$73.00	$146.00	$219.00	9043.48
$3.70	$7.40	$14.80	$37.00	$74.00	$148.00	$222.00	12235.29
$3.75	$7.50	$15.00	$37.50	$75.00	$150.00	$225.00	13866.67
$3.80	$7.60	$15.20	$38.00	$76.00	$152.00	$228.00	16000
$3.85	$7.70	$15.40	$38.50	$77.00	$154.00	$231.00	9904.76
$3.90	$7.80	$15.60	$39.00	$78.00	$156.00	$234.00	16000
$3.95	$7.90	$15.80	$39.50	$79.00	$158.00	$237.00	18909.09
$4.00	$8.00	$16.00	$40.00	$80.00	$160.00	$240.00	12235.29
$4.05	$8.10	$16.20	$40.50	$81.00	$162.00	$243.00	8320
$4.10	$8.20	$16.40	$41.00	$82.00	$164.00	$246.00	12235.29
$4.15	$8.30	$16.60	$41.50	$83.00	$166.00	$249.00	12235.29
$4.20	$8.40	$16.80	$42.00	$84.00	$168.00	$252.00	13866.67
$4.25	$8.50	$17.00	$42.50	$85.00	$170.00	$255.00	10947.37
$4.30	$8.60	$17.20	$43.00	$86.00	$172.00	$258.00	12235.29
$4.35	$8.70	$17.40	$43.50	$87.00	$174.00	$261.00	9904.76
$4.40	$8.80	$17.60	$44.00	$88.00	$176.00	$264.00	9904.76
$4.45	$8.90	$17.80	$44.50	$89.00	$178.00	$267.00	16000
$4.50	$9.00	$18.00	$45.00	$90.00	$180.00	$270.00	9043.48
$4.55	$9.10	$18.20	$45.50	$91.00	$182.00	$273.00	12235.29
$4.60	$9.20	$18.40	$46.00	$92.00	$184.00	$276.00	16000
$4.65	$9.30	$18.60	$46.50	$93.00	$186.00	$279.00	9043.48
$4.70	$9.40	$18.80	$47.00	$94.00	$188.00	$282.00	13866.67
$4.75	$9.50	$19.00	$47.50	$95.00	$190.00	$285.00	16000
$4.80	$9.60	$19.20	$48.00	$96.00	$192.00	$288.00	13866.67
$4.85	$9.70	$19.40	$48.50	$97.00	$194.00	$291.00	10947.37
$4.90	$9.80	$19.60	$49.00	$98.00	$196.00	$294.00	29714.29
$4.95	$9.90	$19.80	$49.50	$99.00	$198.00	$297.00	16000
$5.00	$10.00	$20.00	$50.00	$100.00	$200.00	$300.00	1230.77
$5.05	$10.10	$20.20	$50.50	$101.00	$202.00	$303.00	4000
$5.10	$10.20	$20.40	$51.00	$102.00	$204.00	$306.00	3058.82
$5.15	$10.30	$20.60	$51.50	$103.00	$206.00	$309.00	5073.17
$5.20	$10.40	$20.80	$52.00	$104.00	$208.00	$312.00	6500
$5.25	$10.50	$21.00	$52.50	$105.00	$210.00	$315.00	11555.56
$5.30	$10.60	$21.20	$53.00	$106.00	$212.00	$318.00	9904.76
$5.35	$10.70	$21.40	$53.50	$107.00	$214.00	$321.00	9904.76
$5.40	$10.80	$21.60	$54.00	$108.00	$216.00	$324.00	39245.28
$5.45	$10.90	$21.80	$54.50	$109.00	$218.00	$327.00	39245.28
$5.50	$11.00	$22.00	$55.00	$110.00	$220.00	$330.00	16000
$5.55	$11.10	$22.20	$55.50	$111.00	$222.00	$333.00	9765.26
$5.60	$11.20	$22.40	$56.00	$112.00	$224.00	$336.00	26000
$5.65	$11.30	$22.60	$56.50	$113.00	$226.00	$339.00	44255.32
$5.70	$11.40	$22.80	$57.00	$114.00	$228.00	$342.00	18909.09
$5.75	$11.50	$23.00	$57.50	$115.00	$230.00	$345.00	9454.55
$5.80	$11.60	$23.20	$58.00	$116.00	$232.00	$348.00	13248.41
$5.85	$11.70	$23.40	$58.50	$117.00	$234.00	$351.00	52000
$5.90	$11.80	$23.60	$59.00	$118.00	$236.00	$354.00	22365.59
$5.95	$11.90	$23.80	$59.50	$119.00	$238.00	$357.00	34666.67
$6.00	$12.00	$24.00	$60.00	$120.00	$240.00	$360.00	8524.59
$6.05	$12.10	$24.20	$60.50	$121.00	$242.00	$363.00	22365.59
$6.10	$12.20	$24.40	$61.00	$122.00	$244.00	$366.00	20800
$6.15	$12.30	$24.60	$61.50	$123.00	$246.00	$369.00	26000
$6.20	$12.40	$24.80	$62.00	$124.00	$248.00	$372.00	34666.67
$6.25	$12.50	$25.00	$62.50	$125.00	$250.00	$375.00	15294.12
$6.30	$12.60	$25.20	$63.00	$126.00	$252.00	$378.00	31044.78
$6.35	$12.70	$25.40	$63.50	$127.00	$254.00	$381.00	44255.32
$6.40	$12.80	$25.60	$64.00	$128.00	$256.00	$384.00	20194.17
$6.45	$12.90	$25.80	$64.50	$129.00	$258.00	$387.00	39245.28
$6.50	$13.00	$26.00	$65.00	$130.00	$260.00	$390.00	23908.05
$6.55	$13.10	$26.20	$65.50	$131.00	$262.00	$393.00	16910.57
$6.60	$13.20	$26.40	$66.00	$132.00	$264.00	$396.00	17777.78
$6.65	$13.30	$26.60	$66.50	$133.00	$266.00	$399.00	44255.32
$6.70	$13.40	$26.80	$67.00	$134.00	$268.00	$402.00	52000
$6.75	$13.50	$27.00	$67.50	$135.00	$270.00	$405.00	34666.67
$6.80	$13.60	$27.20	$68.00	$136.00	$272.00	$408.00	77037.04
$6.85	$13.70	$27.40	$68.50	$137.00	$274.00	$411.00	34666.67
$6.90	$13.80	$27.60	$69.00	$138.00	$276.00	$414.00	9454.55
$6.95	$13.90	$27.80	$69.50	$139.00	$278.00	$417.00	77037.04
$7.00	$14.00	$28.00	$70.00	$140.00	$280.00	$420.00	34666.67
$7.05	$14.10	$28.20	$70.50	$141.00	$282.00	$423.00	34666.67
$7.10	$14.20	$28.40	$71.00	$142.00	$284.00	$426.00	52000
$7.15	$14.30	$28.60	$71.50	$143.00	$286.00	$429.00	31044.78
$7.20	$14.40	$28.80	$72.00	$144.00	$288.00	$432.00	52000
$7.25	$14.50	$29.00	$72.50	$145.00	$290.00	$435.00	34666.67
$7.30	$14.60	$29.20	$73.00	$146.00	$292.00	$438.00	63030.3
$7.35	$14.70	$29.40	$73.50	$147.00	$294.00	$441.00	52000
$7.40	$14.80	$29.60	$74.00	$148.00	$296.00	$444.00	77037.04
$7.45	$14.90	$29.80	$74.50	$149.00	$298.00	$447.00	77037.04
$7.50	$15.00	$30.00	$75.00	$150.00	$300.00	$450.00	2701.3
$7.55	$15.10	$30.20	$75.50	$151.00	$302.00	$453.00	5048.54
$7.60	$15.20	$30.40	$76.00	$152.00	$304.00	$456.00	7703.7
$7.65	$15.30	$30.60	$76.50	$153.00	$306.00	$459.00	12455.09
$7.70	$15.40	$30.80	$77.00	$154.00	$308.00	$462.00	13594.77
$7.75	$15.50	$31.00	$77.50	$155.00	$310.00	$465.00	13594.77
$7.80	$15.60	$31.20	$78.00	$156.00	$312.00	$468.00	77037.04
$7.85	$15.70	$31.40	$78.50	$157.00	$314.00	$471.00	63030.3
$7.90	$15.80	$31.60	$79.00	$158.00	$316.00	$474.00	52000
$7.95	$15.90	$31.80	$79.50	$159.00	$318.00	$477.00	63030.3
$8.00	$16.00	$32.00	$80.00	$160.00	$320.00	$480.00	15294.12
$8.05	$16.10	$32.20	$80.50	$161.00	$322.00	$483.00	19082.57
$8.10	$16.20	$32.40	$81.00	$162.00	$324.00	$486.00	11555.56
$8.15	$16.30	$32.60	$81.50	$163.00	$326.00	$489.00	63030.3
$8.20	$16.40	$32.80	$82.00	$164.00	$328.00	$492.00	104000
$8.25	$16.50	$33.00	$82.50	$165.00	$330.00	$495.00	7349.82
$8.30	$16.60	$33.20	$83.00	$166.00	$332.00	$498.00	10400
$8.35	$16.70	$33.40	$83.50	$167.00	$334.00	$501.00	34666.67
$8.40	$16.80	$33.60	$84.00	$168.00	$336.00	$504.00	13248.41
$8.45	$16.90	$33.80	$84.50	$169.00	$338.00	$507.00	20392.16
$8.50	$17.00	$34.00	$85.00	$170.00	$340.00	$510.00	13248.41
$8.55	$17.10	$34.20	$85.50	$171.00	$342.00	$513.00	44255.32
$8.60	$17.20	$34.40	$86.00	$172.00	$344.00	$516.00	44255.32
$8.65	$17.30	$34.60	$86.50	$173.00	$346.00	$519.00	7761.19
$8.70	$17.40	$34.80	$87.00	$174.00	$348.00	$522.00	44255.32
$8.75	$17.50	$35.00	$87.50	$175.00	$350.00	$525.00	19082.57
$8.80	$17.60	$35.20	$88.00	$176.00	$352.00	$528.00	31044.78
$8.85	$17.70	$35.40	$88.50	$177.00	$354.00	$531.00	63030.3
$8.90	$17.80	$35.60	$89.00	$178.00	$356.00	$534.00	20392.16
$8.95	$17.90	$35.80	$89.50	$179.00	$358.00	$537.00	15182.48
$9.00	$18.00	$36.00	$90.00	$180.00	$360.00	$540.00	13774.83
$9.05	$18.10	$36.20	$90.50	$181.00	$362.00	$543.00	63030.3
$9.10	$18.20	$36.40	$91.00	$182.00	$364.00	$546.00	39245.28
$9.15	$18.30	$36.60	$91.50	$183.00	$366.00	$549.00	77037.04
$9.20	$18.40	$36.80	$92.00	$184.00	$368.00	$552.00	52000
$9.25	$18.50	$37.00	$92.50	$185.00	$370.00	$555.00	34666.67
$9.30	$18.60	$37.20	$93.00	$186.00	$372.00	$558.00	63030.3
$9.35	$18.70	$37.40	$93.50	$187.00	$374.00	$561.00	44255.32
$9.40	$18.80	$37.60	$94.00	$188.00	$376.00	$564.00	52000
$9.45	$18.90	$37.80	$94.50	$189.00	$378.00	$567.00	12023.12
$9.50	$19.00	$38.00	$95.00	$190.00	$380.00	$570.00	18909.09
$9.55	$19.10	$38.20	$95.50	$191.00	$382.00	$573.00	104000
$9.60	$19.20	$38.40	$96.00	$192.00	$384.00	$576.00	18909.09
$9.65	$19.30	$38.60	$96.50	$193.00	$386.00	$579.00	44255.32
$9.70	$19.40	$38.80	$97.00	$194.00	$388.00	$582.00	39245.28
$9.75	$19.50	$39.00	$97.50	$195.00	$390.00	$585.00	77037.04
$9.80	$19.60	$39.20	$98.00	$196.00	$392.00	$588.00	63030.3
$9.85	$19.70	$39.40	$98.50	$197.00	$394.00	$591.00	160000
$9.90	$19.80	$39.60	$99.00	$198.00	$396.00	$594.00	104000
$9.95	$19.90	$39.80	$99.50	$199.00	$398.00	$597.00	63030.3
$10.00	$20.00	$40.00	$100.00	$200.00	$400.00	$600.00	4581.5
$10.05	$20.10	$40.20	$100.50	$201.00	$402.00	$603.00	8888.89
$10.10	$20.20	$40.40	$101.00	$202.00	$404.00	$606.00	18086.96
$10.15	$20.30	$40.60	$101.50	$203.00	$406.00	$609.00	12839.51
$10.20	$20.40	$40.80	$102.00	$204.00	$408.00	$612.00	21894.74
$10.25	$20.50	$41.00	$102.50	$205.00	$410.00	$615.00	39245.28
$10.30	$20.60	$41.20	$103.00	$206.00	$412.00	$618.00	297142.86
$10.35	$20.70	$41.40	$103.50	$207.00	$414.00	$621.00	77037.04
$10.40	$20.80	$41.60	$104.00	$208.00	$416.00	$624.00	77037.04
$10.45	$20.90	$41.80	$104.50	$209.00	$418.00	$627.00	297142.86
$10.50	$21.00	$42.00	$105.00	$210.00	$420.00	$630.00	44255.32
$10.55	$21.10	$42.20	$105.50	$211.00	$422.00	$633.00	18571.43
$10.60	$21.20	$42.40	$106.00	$212.00	$424.00	$636.00	37818.18
$10.65	$21.30	$42.60	$106.50	$213.00	$426.00	$639.00	63030.3
$10.70	$21.40	$42.80	$107.00	$214.00	$428.00	$642.00	63030.3
$10.75	$21.50	$43.00	$107.50	$215.00	$430.00	$645.00	17931.03
$10.80	$21.60	$43.20	$108.00	$216.00	$432.00	$648.00	63030.3
$10.85	$21.70	$43.40	$108.50	$217.00	$434.00	$651.00	77037.04
$10.90	$21.80	$43.60	$109.00	$218.00	$436.00	$654.00	26329.11
$10.95	$21.90	$43.80	$109.50	$219.00	$438.00	$657.00	30588.24
$11.00	$22.00	$44.00	$110.00	$220.00	$440.00	$660.00	44255.32
$11.05	$22.10	$44.20	$110.50	$221.00	$442.00	$663.00	44255.32
$11.10	$22.20	$44.40	$111.00	$222.00	$444.00	$666.00	28888.89
$11.15	$22.30	$44.60	$111.50	$223.00	$446.00	$669.00	37818.18
$11.20	$22.40	$44.80	$112.00	$224.00	$448.00	$672.00	63030.3
$11.25	$22.50	$45.00	$112.50	$225.00	$450.00	$675.00	24470.59
$11.30	$22.60	$45.20	$113.00	$226.00	$452.00	$678.00	37818.18
$11.35	$22.70	$45.40	$113.50	$227.00	$454.00	$681.00	297142.86
$11.45	$22.90	$45.80	$114.50	$229.00	$458.00	$687.00	104000
$11.50	$23.00	$46.00	$115.00	$230.00	$460.00	$690.00	35862.07
$11.55	$23.10	$46.20	$115.50	$231.00	$462.00	$693.00	77037.04
$11.60	$23.20	$46.40	$116.00	$232.00	$464.00	$696.00	297142.86
$11.65	$23.30	$46.60	$116.50	$233.00	$466.00	$699.00	63030.3
$11.70	$23.40	$46.80	$117.00	$234.00	$468.00	$702.00	160000
$11.80	$23.60	$47.20	$118.00	$236.00	$472.00	$708.00	63030.3
$11.95	$23.90	$47.80	$119.50	$239.00	$478.00	$717.00	33548.39
$12.00	$24.00	$48.00	$120.00	$240.00	$480.00	$720.00	297142.86
$12.05	$24.10	$48.20	$120.50	$241.00	$482.00	$723.00	27733.33
$12.10	$24.20	$48.40	$121.00	$242.00	$484.00	$726.00	160000
$12.20	$24.40	$48.80	$122.00	$244.00	$488.00	$732.00	297142.86
$12.25	$24.50	$49.00	$122.50	$245.00	$490.00	$735.00	77037.04
$12.30	$24.60	$49.20	$123.00	$246.00	$492.00	$738.00	77037.04
$12.35	$24.70	$49.40	$123.50	$247.00	$494.00	$741.00	297142.86
$12.40	$24.80	$49.60	$124.00	$248.00	$496.00	$744.00	83200
$12.45	$24.90	$49.80	$124.50	$249.00	$498.00	$747.00	104000
$12.50	$25.00	$50.00	$125.00	$250.00	$500.00	$750.00	2485.07
$12.55	$25.10	$50.20	$125.50	$251.00	$502.00	$753.00	7619.05
$12.60	$25.20	$50.40	$126.00	$252.00	$504.00	$756.00	7050.85
$12.65	$25.30	$50.60	$126.50	$253.00	$506.00	$759.00	6380.37
$12.70	$25.40	$50.80	$127.00	$254.00	$508.00	$762.00	7591.24
$12.75	$25.50	$51.00	$127.50	$255.00	$510.00	$765.00	7591.24
$12.80	$25.60	$51.20	$128.00	$256.00	$512.00	$768.00	23636.36
$12.90	$25.80	$51.60	$129.00	$258.00	$516.00	$774.00	27733.33
$13.00	$26.00	$52.00	$130.00	$260.00	$520.00	$780.00	7878.79
$13.05	$26.10	$52.20	$130.50	$261.00	$522.00	$783.00	7402.14
$13.15	$26.30	$52.60	$131.50	$263.00	$526.00	$789.00	8353.41
$13.25	$26.50	$53.00	$132.50	$265.00	$530.00	$795.00	7761.19
$13.30	$26.60	$53.20	$133.00	$266.00	$532.00	$798.00	3895.13
$13.35	$26.70	$53.40	$133.50	$267.00	$534.00	$801.00	22127.66
$13.40	$26.80	$53.60	$134.00	$268.00	$536.00	$804.00	17333.33
$13.45	$26.90	$53.80	$134.50	$269.00	$538.00	$807.00	10833.33
$13.50	$27.00	$54.00	$135.00	$270.00	$540.00	$810.00	2061.45
$13.55	$27.10	$54.20	$135.50	$271.00	$542.00	$813.00	5024.15
$13.60	$27.20	$54.40	$136.00	$272.00	$544.00	$816.00	7074.83
$13.65	$27.30	$54.60	$136.50	$273.00	$546.00	$819.00	20000
$13.70	$27.40	$54.80	$137.00	$274.00	$548.00	$822.00	11954.02
$13.75	$27.50	$55.00	$137.50	$275.00	$550.00	$825.00	15182.48
$13.80	$27.60	$55.20	$138.00	$276.00	$552.00	$828.00	10048.31
$13.85	$27.70	$55.40	$138.50	$277.00	$554.00	$831.00	23908.05
$13.90	$27.80	$55.60	$139.00	$278.00	$556.00	$834.00	41600
$13.95	$27.90	$55.80	$139.50	$279.00	$558.00	$837.00	9811.32
$14.00	$28.00	$56.00	$140.00	$280.00	$560.00	$840.00	12839.51
$14.05	$28.10	$56.20	$140.50	$281.00	$562.00	$843.00	20000
$14.10	$28.20	$56.40	$141.00	$282.00	$564.00	$846.00	10666.67
$14.15	$28.30	$56.60	$141.50	$283.00	$566.00	$849.00	7375.89
$14.20	$28.40	$56.80	$142.00	$284.00	$568.00	$852.00	11954.02
$14.25	$28.50	$57.00	$142.50	$285.00	$570.00	$855.00	11620.11
$14.30	$28.60	$57.20	$143.00	$286.00	$572.00	$858.00	23908.05
$14.35	$28.70	$57.40	$143.50	$287.00	$574.00	$861.00	17333.33
$14.40	$28.80	$57.60	$144.00	$288.00	$576.00	$864.00	23908.05
$14.55	$29.10	$58.20	$145.50	$291.00	$582.00	$873.00	27733.33
$14.60	$29.20	$58.40	$146.00	$292.00	$584.00	$876.00	17333.33
$14.65	$29.30	$58.60	$146.50	$293.00	$586.00	$879.00	63030.3
$14.70	$29.40	$58.80	$147.00	$294.00	$588.00	$882.00	11954.02
$14.75	$29.50	$59.00	$147.50	$295.00	$590.00	$885.00	11954.02
$14.80	$29.60	$59.20	$148.00	$296.00	$592.00	$888.00	23908.05
$14.85	$29.70	$59.40	$148.50	$297.00	$594.00	$891.00	27733.33
$14.90	$29.80	$59.60	$149.00	$298.00	$596.00	$894.00	23908.05
$14.95	$29.90	$59.80	$149.50	$299.00	$598.00	$897.00	6933.33
$15.00	$30.00	$60.00	$150.00	$300.00	$600.00	$900.00	700.81
$15.05	$30.10	$60.20	$150.50	$301.00	$602.00	$903.00	1210.71
$15.10	$30.20	$60.40	$151.00	$302.00	$604.00	$906.00	2473.25
$15.15	$30.30	$60.60	$151.50	$303.00	$606.00	$909.00	4342.38
$15.20	$30.40	$60.80	$152.00	$304.00	$608.00	$912.00	3598.62
$15.25	$30.50	$61.00	$152.50	$305.00	$610.00	$915.00	5161.29
$15.30	$30.60	$61.20	$153.00	$306.00	$612.00	$918.00	23908.05
$15.35	$30.70	$61.40	$153.50	$307.00	$614.00	$921.00	17333.33
$15.40	$30.80	$61.60	$154.00	$308.00	$616.00	$924.00	63030.3
$15.45	$30.90	$61.80	$154.50	$309.00	$618.00	$927.00	10048.31
$15.50	$31.00	$62.00	$155.00	$310.00	$620.00	$930.00	4905.66
$15.55	$31.10	$62.20	$155.50	$311.00	$622.00	$933.00	4070.45
$15.60	$31.20	$62.40	$156.00	$312.00	$624.00	$936.00	4770.64
$15.65	$31.30	$62.60	$156.50	$313.00	$626.00	$939.00	5959.89
$15.70	$31.40	$62.80	$157.00	$314.00	$628.00	$942.00	17333.33
$15.75	$31.50	$63.00	$157.50	$315.00	$630.00	$945.00	4388.19
$15.80	$31.60	$63.20	$158.00	$316.00	$632.00	$948.00	3984.67
$15.85	$31.70	$63.40	$158.50	$317.00	$634.00	$951.00	6775.24
$15.90	$31.80	$63.60	$159.00	$318.00	$636.00	$954.00	3537.41
$15.95	$31.90	$63.80	$159.50	$319.00	$638.00	$957.00	23908.05
$16.00	$32.00	$64.00	$160.00	$320.00	$640.00	$960.00	4007.71
$16.05	$32.10	$64.20	$160.50	$321.00	$642.00	$963.00	2769.64
$16.10	$32.20	$64.40	$161.00	$322.00	$644.00	$966.00	2853.22
$16.15	$32.30	$64.60	$161.50	$323.00	$646.00	$969.00	9454.55
$16.20	$32.40	$64.80	$162.00	$324.00	$648.00	$972.00	5060.83
$16.25	$32.50	$65.00	$162.50	$325.00	$650.00	$975.00	10048.31
$16.30	$32.60	$65.20	$163.00	$326.00	$652.00	$978.00	12235.29
$16.35	$32.70	$65.40	$163.50	$327.00	$654.00	$981.00	12235.29
$16.40	$32.80	$65.60	$164.00	$328.00	$656.00	$984.00	63030.3
$16.45	$32.90	$65.80	$164.50	$329.00	$658.00	$987.00	17333.33
$16.50	$33.00	$66.00	$165.00	$330.00	$660.00	$990.00	8776.37
$16.55	$33.10	$66.20	$165.50	$331.00	$662.00	$993.00	20000
$16.60	$33.20	$66.40	$166.00	$332.00	$664.00	$996.00	20000
$16.70	$33.40	$66.80	$167.00	$334.00	$668.00	$1,002.00	16124.03
$16.75	$33.50	$67.00	$167.50	$335.00	$670.00	$1,005.00	10890.05
$16.80	$33.60	$67.20	$168.00	$336.00	$672.00	$1,008.00	122352.94
$16.85	$33.70	$67.40	$168.50	$337.00	$674.00	$1,011.00	49523.81
$16.90	$33.80	$67.60	$169.00	$338.00	$676.00	$1,014.00	122352.94
$16.95	$33.90	$67.80	$169.50	$339.00	$678.00	$1,017.00	122352.94
$17.05	$34.10	$68.20	$170.50	$341.00	$682.00	$1,023.00	6688.1
$17.10	$34.20	$68.40	$171.00	$342.00	$684.00	$1,026.00	31044.78
$17.15	$34.30	$68.60	$171.50	$343.00	$686.00	$1,029.00	122352.94
$17.20	$34.40	$68.80	$172.00	$344.00	$688.00	$1,032.00	122352.94
$17.25	$34.50	$69.00	$172.50	$345.00	$690.00	$1,035.00	122352.94
$17.30	$34.60	$69.20	$173.00	$346.00	$692.00	$1,038.00	41600
$17.35	$34.70	$69.40	$173.50	$347.00	$694.00	$1,041.00	122352.94
$17.45	$34.90	$69.80	$174.50	$349.00	$698.00	$1,047.00	122352.94
$17.50	$35.00	$70.00	$175.00	$350.00	$700.00	$1,050.00	6341.46
$17.55	$35.10	$70.20	$175.50	$351.00	$702.00	$1,053.00	20000
$17.60	$35.20	$70.40	$176.00	$352.00	$704.00	$1,056.00	122352.94
$17.65	$35.30	$70.60	$176.50	$353.00	$706.00	$1,059.00	43333.33
$17.70	$35.40	$70.80	$177.00	$354.00	$708.00	$1,062.00	40000
$17.75	$35.50	$71.00	$177.50	$355.00	$710.00	$1,065.00	24186.05
$17.85	$35.70	$71.40	$178.50	$357.00	$714.00	$1,071.00	122352.94
$17.90	$35.80	$71.60	$179.00	$358.00	$716.00	$1,074.00	122352.94
$17.95	$35.90	$71.80	$179.50	$359.00	$718.00	$1,077.00	122352.94
$18.05	$36.10	$72.20	$180.50	$361.00	$722.00	$1,083.00	122352.94
$18.10	$36.20	$72.40	$181.00	$362.00	$724.00	$1,086.00	22365.59
$18.15	$36.30	$72.60	$181.50	$363.00	$726.00	$1,089.00	34666.67
$18.20	$36.40	$72.80	$182.00	$364.00	$728.00	$1,092.00	122352.94
$18.25	$36.50	$73.00	$182.50	$365.00	$730.00	$1,095.00	22127.66
$18.30	$36.60	$73.20	$183.00	$366.00	$732.00	$1,098.00	16124.03
$18.35	$36.70	$73.40	$183.50	$367.00	$734.00	$1,101.00	12235.29
$18.40	$36.80	$73.60	$184.00	$368.00	$736.00	$1,104.00	14444.44
$18.50	$37.00	$74.00	$185.00	$370.00	$740.00	$1,110.00	18738.74
$18.55	$37.10	$74.20	$185.50	$371.00	$742.00	$1,113.00	122352.94
$18.60	$37.20	$74.40	$186.00	$372.00	$744.00	$1,116.00	41600
$18.65	$37.30	$74.60	$186.50	$373.00	$746.00	$1,119.00	31044.78
$18.75	$37.50	$75.00	$187.50	$375.00	$750.00	$1,125.00	20000
$18.80	$37.60	$75.20	$188.00	$376.00	$752.00	$1,128.00	18738.74
$18.85	$37.70	$75.40	$188.50	$377.00	$754.00	$1,131.00	122352.94
$18.90	$37.80	$75.60	$189.00	$378.00	$756.00	$1,134.00	122352.94
$18.95	$37.90	$75.80	$189.50	$379.00	$758.00	$1,137.00	26000
$19.00	$38.00	$76.00	$190.00	$380.00	$760.00	$1,140.00	122352.94
$19.20	$38.40	$76.80	$192.00	$384.00	$768.00	$1,152.00	122352.94
$19.40	$38.80	$77.60	$194.00	$388.00	$776.00	$1,164.00	22127.66
$19.45	$38.90	$77.80	$194.50	$389.00	$778.00	$1,167.00	99047.62
$19.60	$39.20	$78.40	$196.00	$392.00	$784.00	$1,176.00	40000
$20.00	$40.00	$80.00	$200.00	$400.00	$800.00	$1,200.00	17478.99
$20.05	$40.10	$80.20	$200.50	$401.00	$802.00	$1,203.00	27368.42
$20.10	$40.20	$80.40	$201.00	$402.00	$804.00	$1,206.00	11063.83
$20.15	$40.30	$80.60	$201.50	$403.00	$806.00	$1,209.00	61176.47
$20.20	$40.40	$80.80	$202.00	$404.00	$808.00	$1,212.00	52000
$20.35	$40.70	$81.40	$203.50	$407.00	$814.00	$1,221.00	297142.86
$20.40	$40.80	$81.60	$204.00	$408.00	$816.00	$1,224.00	122352.94
$20.45	$40.90	$81.80	$204.50	$409.00	$818.00	$1,227.00	52000
$20.50	$41.00	$82.00	$205.00	$410.00	$820.00	$1,230.00	24470.59
$20.55	$41.10	$82.20	$205.50	$411.00	$822.00	$1,233.00	36491.23
$20.60	$41.20	$82.40	$206.00	$412.00	$824.00	$1,236.00	122352.94
$20.65	$41.30	$82.60	$206.50	$413.00	$826.00	$1,239.00	297142.86
$20.70	$41.40	$82.80	$207.00	$414.00	$828.00	$1,242.00	208000
$20.75	$41.50	$83.00	$207.50	$415.00	$830.00	$1,245.00	297142.86
$20.85	$41.70	$83.40	$208.50	$417.00	$834.00	$1,251.00	36491.23
$20.90	$41.80	$83.60	$209.00	$418.00	$836.00	$1,254.00	297142.86
$21.00	$42.00	$84.00	$210.00	$420.00	$840.00	$1,260.00	86666.67
$21.05	$42.10	$84.20	$210.50	$421.00	$842.00	$1,263.00	54736.84
$21.10	$42.20	$84.40	$211.00	$422.00	$844.00	$1,266.00	43333.33
$21.20	$42.40	$84.80	$212.00	$424.00	$848.00	$1,272.00	67096.77
$21.50	$43.00	$86.00	$215.00	$430.00	$860.00	$1,290.00	74285.71
$21.55	$43.10	$86.20	$215.50	$431.00	$862.00	$1,293.00	36491.23
$21.60	$43.20	$86.40	$216.00	$432.00	$864.00	$1,296.00	22127.66
$21.65	$43.30	$86.60	$216.50	$433.00	$866.00	$1,299.00	122352.94
$21.75	$43.50	$87.00	$217.50	$435.00	$870.00	$1,305.00	74285.71
$22.25	$44.50	$89.00	$222.50	$445.00	$890.00	$1,335.00	99047.62
$22.35	$44.70	$89.40	$223.50	$447.00	$894.00	$1,341.00	208000
$22.50	$45.00	$90.00	$225.00	$450.00	$900.00	$1,350.00	35254.24
$22.55	$45.10	$90.20	$225.50	$451.00	$902.00	$1,353.00	122352.94
$22.60	$45.20	$90.40	$226.00	$452.00	$904.00	$1,356.00	43333.33
$22.65	$45.30	$90.60	$226.50	$453.00	$906.00	$1,359.00	297142.86
$22.70	$45.40	$90.80	$227.00	$454.00	$908.00	$1,362.00	297142.86
$22.90	$45.80	$91.60	$229.00	$458.00	$916.00	$1,374.00	297142.86
$23.00	$46.00	$92.00	$230.00	$460.00	$920.00	$1,380.00	208000
$23.10	$46.20	$92.40	$231.00	$462.00	$924.00	$1,386.00	297142.86
$23.20	$46.40	$92.80	$232.00	$464.00	$928.00	$1,392.00	41600
$23.25	$46.50	$93.00	$232.50	$465.00	$930.00	$1,395.00	297142.86
$23.30	$46.60	$93.20	$233.00	$466.00	$932.00	$1,398.00	297142.86
$23.40	$46.80	$93.60	$234.00	$468.00	$936.00	$1,404.00	30144.93
$23.50	$47.00	$94.00	$235.00	$470.00	$940.00	$1,410.00	208000
$23.55	$47.10	$94.20	$235.50	$471.00	$942.00	$1,413.00	41600
$23.60	$47.20	$94.40	$236.00	$472.00	$944.00	$1,416.00	208000
$23.75	$47.50	$95.00	$237.50	$475.00	$950.00	$1,425.00	99047.62
$23.80	$47.60	$95.20	$238.00	$476.00	$952.00	$1,428.00	208000
$24.05	$48.10	$96.20	$240.50	$481.00	$962.00	$1,443.00	208000
$24.10	$48.20	$96.40	$241.00	$482.00	$964.00	$1,446.00	65000
$24.25	$48.50	$97.00	$242.50	$485.00	$970.00	$1,455.00	297142.86
$24.30	$48.60	$97.20	$243.00	$486.00	$972.00	$1,458.00	297142.86
$24.40	$48.80	$97.60	$244.00	$488.00	$976.00	$1,464.00	208000
$24.50	$49.00	$98.00	$245.00	$490.00	$980.00	$1,470.00	297142.86
$24.65	$49.30	$98.60	$246.50	$493.00	$986.00	$1,479.00	208000
$24.75	$49.50	$99.00	$247.50	$495.00	$990.00	$1,485.00	208000
$24.90	$49.80	$99.60	$249.00	$498.00	$996.00	$1,494.00	59428.57
$25.00	$50.00	$100.00	$250.00	$500.00	$1,000.00	$1,500.00	77037.04
$25.05	$50.10	$100.20	$250.50	$501.00	$1,002.00	$1,503.00	34666.67
$25.10	$50.20	$100.40	$251.00	$502.00	$1,004.00	$1,506.00	59428.57
$25.15	$50.30	$100.60	$251.50	$503.00	$1,006.00	$1,509.00	208000
$25.25	$50.50	$101.00	$252.50	$505.00	$1,010.00	$1,515.00	52000
$25.30	$50.60	$101.20	$253.00	$506.00	$1,012.00	$1,518.00	297142.86
$25.35	$50.70	$101.40	$253.50	$507.00	$1,014.00	$1,521.00	297142.86
$25.50	$51.00	$102.00	$255.00	$510.00	$1,020.00	$1,530.00	297142.86
$25.55	$51.10	$102.20	$255.50	$511.00	$1,022.00	$1,533.00	297142.86
$25.60	$51.20	$102.40	$256.00	$512.00	$1,024.00	$1,536.00	77037.04
$25.70	$51.40	$102.80	$257.00	$514.00	$1,028.00	$1,542.00	104000
$25.75	$51.50	$103.00	$257.50	$515.00	$1,030.00	$1,545.00	148571.43
$25.80	$51.60	$103.20	$258.00	$516.00	$1,032.00	$1,548.00	77037.04
$25.90	$51.80	$103.60	$259.00	$518.00	$1,036.00	$1,554.00	52000
$25.95	$51.90	$103.80	$259.50	$519.00	$1,038.00	$1,557.00	65000
$26.00	$52.00	$104.00	$260.00	$520.00	$1,040.00	$1,560.00	297142.86
$26.05	$52.10	$104.20	$260.50	$521.00	$1,042.00	$1,563.00	297142.86
$26.15	$52.30	$104.60	$261.50	$523.00	$1,046.00	$1,569.00	297142.86
$26.20	$52.40	$104.80	$262.00	$524.00	$1,048.00	$1,572.00	297142.86
$26.35	$52.70	$105.40	$263.50	$527.00	$1,054.00	$1,581.00	208000
$26.40	$52.80	$105.60	$264.00	$528.00	$1,056.00	$1,584.00	297142.86
$26.50	$53.00	$106.00	$265.00	$530.00	$1,060.00	$1,590.00	77037.04
$26.55	$53.10	$106.20	$265.50	$531.00	$1,062.00	$1,593.00	297142.86
$26.60	$53.20	$106.40	$266.00	$532.00	$1,064.00	$1,596.00	297142.86
$26.75	$53.50	$107.00	$267.50	$535.00	$1,070.00	$1,605.00	297142.86
$26.90	$53.80	$107.60	$269.00	$538.00	$1,076.00	$1,614.00	208000
$27.00	$54.00	$108.00	$270.00	$540.00	$1,080.00	$1,620.00	297142.86
$27.05	$54.10	$108.20	$270.50	$541.00	$1,082.00	$1,623.00	297142.86
$27.10	$54.20	$108.40	$271.00	$542.00	$1,084.00	$1,626.00	297142.86
$27.50	$55.00	$110.00	$275.00	$550.00	$1,100.00	$1,650.00	297142.86
$27.55	$55.10	$110.20	$275.50	$551.00	$1,102.00	$1,653.00	104000
$27.80	$55.60	$111.20	$278.00	$556.00	$1,112.00	$1,668.00	297142.86
$28.15	$56.30	$112.60	$281.50	$563.00	$1,126.00	$1,689.00	208000
$28.35	$56.70	$113.40	$283.50	$567.00	$1,134.00	$1,701.00	297142.86
$28.55	$57.10	$114.20	$285.50	$571.00	$1,142.00	$1,713.00	297142.86
$30.00	$60.00	$120.00	$300.00	$600.00	$1,200.00	$1,800.00	104000
$30.05	$60.10	$120.20	$300.50	$601.00	$1,202.00	$1,803.00	104000
$31.55	$63.10	$126.20	$315.50	$631.00	$1,262.00	$1,893.00	208000
$32.20	$64.40	$128.80	$322.00	$644.00	$1,288.00	$1,932.00	104000
$32.35	$64.70	$129.40	$323.50	$647.00	$1,294.00	$1,941.00	208000
$32.50	$65.00	$130.00	$325.00	$650.00	$1,300.00	$1,950.00	297142.86
$32.55	$65.10	$130.20	$325.50	$651.00	$1,302.00	$1,953.00	297142.86
$32.60	$65.20	$130.40	$326.00	$652.00	$1,304.00	$1,956.00	416000
$32.65	$65.30	$130.60	$326.50	$653.00	$1,306.00	$1,959.00	297142.86
$33.00	$66.00	$132.00	$330.00	$660.00	$1,320.00	$1,980.00	297142.86
$33.10	$66.20	$132.40	$331.00	$662.00	$1,324.00	$1,986.00	416000
$33.35	$66.70	$133.40	$333.50	$667.00	$1,334.00	$2,001.00	297142.86
$33.40	$66.80	$133.60	$334.00	$668.00	$1,336.00	$2,004.00	297142.86
$33.45	$66.90	$133.80	$334.50	$669.00	$1,338.00	$2,007.00	297142.86
$33.50	$67.00	$134.00	$335.00	$670.00	$1,340.00	$2,010.00	297142.86
$33.55	$67.10	$134.20	$335.50	$671.00	$1,342.00	$2,013.00	297142.86
$33.60	$67.20	$134.40	$336.00	$672.00	$1,344.00	$2,016.00	297142.86
$34.00	$68.00	$136.00	$340.00	$680.00	$1,360.00	$2,040.00	297142.86
$34.15	$68.30	$136.60	$341.50	$683.00	$1,366.00	$2,049.00	297142.86
$34.30	$68.60	$137.20	$343.00	$686.00	$1,372.00	$2,058.00	297142.86
$34.35	$68.70	$137.40	$343.50	$687.00	$1,374.00	$2,061.00	297142.86
$34.65	$69.30	$138.60	$346.50	$693.00	$1,386.00	$2,079.00	297142.86
$34.75	$69.50	$139.00	$347.50	$695.00	$1,390.00	$2,085.00	297142.86
$35.00	$70.00	$140.00	$350.00	$700.00	$1,400.00	$2,100.00	297142.86
$35.05	$70.10	$140.20	$350.50	$701.00	$1,402.00	$2,103.00	297142.86
$35.50	$71.00	$142.00	$355.00	$710.00	$1,420.00	$2,130.00	297142.86
$36.10	$72.20	$144.40	$361.00	$722.00	$1,444.00	$2,166.00	297142.86
$36.35	$72.70	$145.40	$363.50	$727.00	$1,454.00	$2,181.00	416000
$37.50	$75.00	$150.00	$375.00	$750.00	$1,500.00	$2,250.00	160000
$38.95	$77.90	$155.80	$389.50	$779.00	$1,558.00	$2,337.00	416000
$40.00	$80.00	$160.00	$400.00	$800.00	$1,600.00	$2,400.00	104000
$40.05	$80.10	$160.20	$400.50	$801.00	$1,602.00	$2,403.00	77037.04
$40.10	$80.20	$160.40	$401.00	$802.00	$1,604.00	$2,406.00	297142.86
$40.15	$80.30	$160.60	$401.50	$803.00	$1,606.00	$2,409.00	297142.86
$40.20	$80.40	$160.80	$402.00	$804.00	$1,608.00	$2,412.00	297142.86
$40.75	$81.50	$163.00	$407.50	$815.00	$1,630.00	$2,445.00	297142.86
$40.80	$81.60	$163.20	$408.00	$816.00	$1,632.00	$2,448.00	297142.86
$40.85	$81.70	$163.40	$408.50	$817.00	$1,634.00	$2,451.00	297142.86
$40.90	$81.80	$163.60	$409.00	$818.00	$1,636.00	$2,454.00	297142.86
$40.95	$81.90	$163.80	$409.50	$819.00	$1,638.00	$2,457.00	297142.86
$41.05	$82.10	$164.20	$410.50	$821.00	$1,642.00	$2,463.00	297142.86
$41.10	$82.20	$164.40	$411.00	$822.00	$1,644.00	$2,466.00	297142.86
$41.50	$83.00	$166.00	$415.00	$830.00	$1,660.00	$2,490.00	297142.86
$41.80	$83.60	$167.20	$418.00	$836.00	$1,672.00	$2,508.00	297142.86
$41.85	$83.70	$167.40	$418.50	$837.00	$1,674.00	$2,511.00	297142.86
$42.05	$84.10	$168.20	$420.50	$841.00	$1,682.00	$2,523.00	297142.86
$42.75	$85.50	$171.00	$427.50	$855.00	$1,710.00	$2,565.00	297142.86
$43.50	$87.00	$174.00	$435.00	$870.00	$1,740.00	$2,610.00	297142.86
$44.35	$88.70	$177.40	$443.50	$887.00	$1,774.00	$2,661.00	416000
$47.70	$95.40	$190.80	$477.00	$954.00	$1,908.00	$2,862.00	416000
$50.00	$100.00	$200.00	$500.00	$1,000.00	$2,000.00	$3,000.00	71724.14
$50.50	$101.00	$202.00	$505.00	$1,010.00	$2,020.00	$3,030.00	2080000
$51.45	$102.90	$205.80	$514.50	$1,029.00	$2,058.00	$3,087.00	1040000
$60.15	$120.30	$240.60	$601.50	$1,203.00	$2,406.00	$3,609.00	2080000
$100.05	$200.10	$400.20	$1,000.50	$2,001.00	$4,002.00	$6,003.00	1040000
$100.80	$201.60	$403.20	$1,008.00	$2,016.00	$4,032.00	$6,048.00	1040000
$125.00	$250.00	$500.00	$1,250.00	$2,500.00	$5,000.00	$7,500.00	74285.71
$500.00	$1,000.00	$2,000.00	$5,000.00	$10,000.00	$20,000.00	$30,000.00	1040000
$2,500.00	$5,000.00	$10,000.00	$25,000.00	$50,000.00	$100,000.00	$150,000.00	1040000