$0.10	$0.25	$0.50	$1.00	$2.00	$5.00	$10.00	$20.00	$30.00	
$0.02	$0.05	$0.10	$0.20	$0.40	$1.00	$2.00	$4.00	$6.00	33.33
$0.04	$0.10	$0.20	$0.40	$0.80	$2.00	$4.00	$8.00	$12.00	40
$0.06	$0.15	$0.30	$0.60	$1.20	$3.00	$6.00	$12.00	$18.00	100
$0.08	$0.20	$0.40	$0.80	$1.60	$4.00	$8.00	$16.00	$24.00	100
$0.10	$0.25	$0.50	$1.00	$2.00	$5.00	$10.00	$20.00	$30.00	28.17
$0.12	$0.30	$0.60	$1.20	$2.40	$6.00	$12.00	$24.00	$36.00	50
$0.14	$0.35	$0.70	$1.40	$2.80	$7.00	$14.00	$28.00	$42.00	100
$0.16	$0.40	$0.80	$1.60	$3.20	$8.00	$16.00	$32.00	$48.00	199.98
$0.18	$0.45	$0.90	$1.80	$3.60	$9.00	$18.00	$36.00	$54.00	199.98
$0.20	$0.50	$1.00	$2.00	$4.00	$10.00	$20.00	$40.00	$60.00	22.22
$0.22	$0.55	$1.10	$2.20	$4.40	$11.00	$22.00	$44.00	$66.00	400
$0.24	$0.60	$1.20	$2.40	$4.80	$12.00	$24.00	$48.00	$72.00	400
$0.26	$0.65	$1.30	$2.60	$5.20	$13.00	$26.00	$52.00	$78.00	2000
$0.28	$0.70	$1.40	$2.80	$5.60	$14.00	$28.00	$56.00	$84.00	2000
$0.30	$0.75	$1.50	$3.00	$6.00	$15.00	$30.00	$60.00	$90.00	66.67
$0.32	$0.80	$1.60	$3.20	$6.40	$16.00	$32.00	$64.00	$96.00	307.69
$0.34	$0.85	$1.70	$3.40	$6.80	$17.00	$34.00	$68.00	$102.00	3333.33
$0.36	$0.90	$1.80	$3.60	$7.20	$18.00	$36.00	$72.00	$108.00	444.44
$0.38	$0.95	$1.90	$3.80	$7.60	$19.00	$38.00	$76.00	$114.00	3333.33
$0.40	$1.00	$2.00	$4.00	$8.00	$20.00	$40.00	$80.00	$120.00	133.33
$0.42	$1.05	$2.10	$4.20	$8.40	$21.00	$42.00	$84.00	$126.00	6666.67
$0.44	$1.10	$2.20	$4.40	$8.80	$22.00	$44.00	$88.00	$132.00	6666.67
$0.46	$1.15	$2.30	$4.60	$9.20	$23.00	$46.00	$92.00	$138.00	6666.67
$0.48	$1.20	$2.40	$4.80	$9.60	$24.00	$48.00	$96.00	$144.00	4000
$0.50	$1.25	$2.50	$5.00	$10.00	$25.00	$50.00	$100.00	$150.00	500
$0.52	$1.30	$2.60	$5.20	$10.40	$26.00	$52.00	$104.00	$156.00	12500
$0.54	$1.35	$2.70	$5.40	$10.80	$27.00	$54.00	$108.00	$162.00	16000
$0.56	$1.40	$2.80	$5.60	$11.20	$28.00	$56.00	$112.00	$168.00	3333.33
$0.58	$1.45	$2.90	$5.80	$11.60	$29.00	$58.00	$116.00	$174.00	20000
$0.60	$1.50	$3.00	$6.00	$12.00	$30.00	$60.00	$120.00	$180.00	526.32
$0.62	$1.55	$3.10	$6.20	$12.40	$31.00	$62.00	$124.00	$186.00	33333.33
$0.64	$1.60	$3.20	$6.40	$12.80	$32.00	$64.00	$128.00	$192.00	12500
$0.66	$1.65	$3.30	$6.60	$13.20	$33.00	$66.00	$132.00	$198.00	12500
$0.68	$1.70	$3.40	$6.80	$13.60	$34.00	$68.00	$136.00	$204.00	12500
$0.70	$1.75	$3.50	$7.00	$14.00	$35.00	$70.00	$140.00	$210.00	12500
$0.72	$1.80	$3.60	$7.20	$14.40	$36.00	$72.00	$144.00	$216.00	12500
$0.74	$1.85	$3.70	$7.40	$14.80	$37.00	$74.00	$148.00	$222.00	33333.33
$0.76	$1.90	$3.80	$7.60	$15.20	$38.00	$76.00	$152.00	$228.00	12500
$0.78	$1.95	$3.90	$7.80	$15.60	$39.00	$78.00	$156.00	$234.00	12500
$0.80	$2.00	$4.00	$8.00	$16.00	$40.00	$80.00	$160.00	$240.00	800
$0.82	$2.05	$4.10	$8.20	$16.40	$41.00	$82.00	$164.00	$246.00	50000
$0.84	$2.10	$4.20	$8.40	$16.80	$42.00	$84.00	$168.00	$252.00	14285.71
$0.86	$2.15	$4.30	$8.60	$17.20	$43.00	$86.00	$172.00	$258.00	50000
$0.88	$2.20	$4.40	$8.80	$17.60	$44.00	$88.00	$176.00	$264.00	14285.71
$0.90	$2.25	$4.50	$9.00	$18.00	$45.00	$90.00	$180.00	$270.00	14285.71
$0.92	$2.30	$4.60	$9.20	$18.40	$46.00	$92.00	$184.00	$276.00	33333.33
$0.94	$2.35	$4.70	$9.40	$18.80	$47.00	$94.00	$188.00	$282.00	50000
$0.96	$2.40	$4.80	$9.60	$19.20	$48.00	$96.00	$192.00	$288.00	14285.71
$0.98	$2.45	$4.90	$9.80	$19.60	$49.00	$98.00	$196.00	$294.00	14285.71
$1.00	$2.50	$5.00	$10.00	$20.00	$50.00	$100.00	$200.00	$300.00	913.24
$1.02	$2.55	$5.10	$10.20	$20.40	$51.00	$102.00	$204.00	$306.00	20000
$1.04	$2.60	$5.20	$10.40	$20.80	$52.00	$104.00	$208.00	$312.00	21052.63
$1.06	$2.65	$5.30	$10.60	$21.20	$53.00	$106.00	$212.00	$318.00	21052.63
$1.08	$2.70	$5.40	$10.80	$21.60	$54.00	$108.00	$216.00	$324.00	22222.22
$1.10	$2.75	$5.50	$11.00	$22.00	$55.00	$110.00	$220.00	$330.00	921.66
$1.12	$2.80	$5.60	$11.20	$22.40	$56.00	$112.00	$224.00	$336.00	9523.81
$1.14	$2.85	$5.70	$11.40	$22.80	$57.00	$114.00	$228.00	$342.00	11111.11
$1.16	$2.90	$5.80	$11.60	$23.20	$58.00	$116.00	$232.00	$348.00	44444.44
$1.18	$2.95	$5.90	$11.80	$23.60	$59.00	$118.00	$236.00	$354.00	30769.23
$1.20	$3.00	$6.00	$12.00	$24.00	$60.00	$120.00	$240.00	$360.00	761.9
$1.22	$3.05	$6.10	$12.20	$24.40	$61.00	$122.00	$244.00	$366.00	16666.67
$1.24	$3.10	$6.20	$12.40	$24.80	$62.00	$124.00	$248.00	$372.00	20000
$1.26	$3.15	$6.30	$12.60	$25.20	$63.00	$126.00	$252.00	$378.00	25000
$1.28	$3.20	$6.40	$12.80	$25.60	$64.00	$128.00	$256.00	$384.00	19047.62
$1.30	$3.25	$6.50	$13.00	$26.00	$65.00	$130.00	$260.00	$390.00	890.87
$1.32	$3.30	$6.60	$13.20	$26.40	$66.00	$132.00	$264.00	$396.00	19047.62
$1.34	$3.35	$6.70	$13.40	$26.80	$67.00	$134.00	$268.00	$402.00	16000
$1.36	$3.40	$6.80	$13.60	$27.20	$68.00	$136.00	$272.00	$408.00	50000
$1.38	$3.45	$6.90	$13.80	$27.60	$69.00	$138.00	$276.00	$414.00	40000
$1.40	$3.50	$7.00	$14.00	$28.00	$70.00	$140.00	$280.00	$420.00	1277.96
$1.42	$3.55	$7.10	$14.20	$28.40	$71.00	$142.00	$284.00	$426.00	36363.64
$1.44	$3.60	$7.20	$14.40	$28.80	$72.00	$144.00	$288.00	$432.00	14814.81
$1.46	$3.65	$7.30	$14.60	$29.20	$73.00	$146.00	$292.00	$438.00	80000
$1.48	$3.70	$7.40	$14.80	$29.60	$74.00	$148.00	$296.00	$444.00	80000
$1.50	$3.75	$7.50	$15.00	$30.00	$75.00	$150.00	$300.00	$450.00	1017.81
$1.52	$3.80	$7.60	$15.20	$30.40	$76.00	$152.00	$304.00	$456.00	17391.3
$1.54	$3.85	$7.70	$15.40	$30.80	$77.00	$154.00	$308.00	$462.00	13793.1
$1.56	$3.90	$7.80	$15.60	$31.20	$78.00	$156.00	$312.00	$468.00	40000
$1.58	$3.95	$7.90	$15.80	$31.60	$79.00	$158.00	$316.00	$474.00	14285.71
$1.60	$4.00	$8.00	$16.00	$32.00	$80.00	$160.00	$320.00	$480.00	2580.65
$1.62	$4.05	$8.10	$16.20	$32.40	$81.00	$162.00	$324.00	$486.00	16000
$1.64	$4.10	$8.20	$16.40	$32.80	$82.00	$164.00	$328.00	$492.00	16666.67
$1.66	$4.15	$8.30	$16.60	$33.20	$83.00	$166.00	$332.00	$498.00	57142.86
$1.68	$4.20	$8.40	$16.80	$33.60	$84.00	$168.00	$336.00	$504.00	50000
$1.70	$4.25	$8.50	$17.00	$34.00	$85.00	$170.00	$340.00	$510.00	1687.76
$1.72	$4.30	$8.60	$17.20	$34.40	$86.00	$172.00	$344.00	$516.00	20000
$1.74	$4.35	$8.70	$17.40	$34.80	$87.00	$174.00	$348.00	$522.00	30769.23
$1.76	$4.40	$8.80	$17.60	$35.20	$88.00	$176.00	$352.00	$528.00	57142.86
$1.78	$4.45	$8.90	$17.80	$35.60	$89.00	$178.00	$356.00	$534.00	40000
$1.80	$4.50	$9.00	$18.00	$36.00	$90.00	$180.00	$360.00	$540.00	5063.29
$1.82	$4.55	$9.10	$18.20	$36.40	$91.00	$182.00	$364.00	$546.00	23529.41
$1.84	$4.60	$9.20	$18.40	$36.80	$92.00	$184.00	$368.00	$552.00	14814.81
$1.86	$4.65	$9.30	$18.60	$37.20	$93.00	$186.00	$372.00	$558.00	40000
$1.88	$4.70	$9.40	$18.80	$37.60	$94.00	$188.00	$376.00	$564.00	30769.23
$1.90	$4.75	$9.50	$19.00	$38.00	$95.00	$190.00	$380.00	$570.00	6896.55
$1.92	$4.80	$9.60	$19.20	$38.40	$96.00	$192.00	$384.00	$576.00	28571.43
$1.94	$4.85	$9.70	$19.40	$38.80	$97.00	$194.00	$388.00	$582.00	100000
$1.96	$4.90	$9.80	$19.60	$39.20	$98.00	$196.00	$392.00	$588.00	40000
$1.98	$4.95	$9.90	$19.80	$39.60	$99.00	$198.00	$396.00	$594.00	57142.86
$2.00	$5.00	$10.00	$20.00	$40.00	$100.00	$200.00	$400.00	$600.00	2666.67
$2.02	$5.05	$10.10	$20.20	$40.40	$101.00	$202.00	$404.00	$606.00	25000
$2.04	$5.10	$10.20	$20.40	$40.80	$102.00	$204.00	$408.00	$612.00	15384.62
$2.06	$5.15	$10.30	$20.60	$41.20	$103.00	$206.00	$412.00	$618.00	33333.33
$2.08	$5.20	$10.40	$20.80	$41.60	$104.00	$208.00	$416.00	$624.00	25000
$2.10	$5.25	$10.50	$21.00	$42.00	$105.00	$210.00	$420.00	$630.00	21052.63
$2.12	$5.30	$10.60	$21.20	$42.40	$106.00	$212.00	$424.00	$636.00	28571.43
$2.14	$5.35	$10.70	$21.40	$42.80	$107.00	$214.00	$428.00	$642.00	50000
$2.16	$5.40	$10.80	$21.60	$43.20	$108.00	$216.00	$432.00	$648.00	57142.86
$2.18	$5.45	$10.90	$21.80	$43.60	$109.00	$218.00	$436.00	$654.00	57142.86
$2.20	$5.50	$11.00	$22.00	$44.00	$110.00	$220.00	$440.00	$660.00	1444.04
$2.22	$5.55	$11.10	$22.20	$44.40	$111.00	$222.00	$444.00	$666.00	36363.64
$2.24	$5.60	$11.20	$22.40	$44.80	$112.00	$224.00	$448.00	$672.00	28571.43
$2.26	$5.65	$11.30	$22.60	$45.20	$113.00	$226.00	$452.00	$678.00	50000
$2.28	$5.70	$11.40	$22.80	$45.60	$114.00	$228.00	$456.00	$684.00	57142.86
$2.30	$5.75	$11.50	$23.00	$46.00	$115.00	$230.00	$460.00	$690.00	4444.44
$2.32	$5.80	$11.60	$23.20	$46.40	$116.00	$232.00	$464.00	$696.00	28571.43
$2.34	$5.85	$11.70	$23.40	$46.80	$117.00	$234.00	$468.00	$702.00	28571.43
$2.36	$5.90	$11.80	$23.60	$47.20	$118.00	$236.00	$472.00	$708.00	33333.33
$2.38	$5.95	$11.90	$23.80	$47.60	$119.00	$238.00	$476.00	$714.00	40000
$2.40	$6.00	$12.00	$24.00	$48.00	$120.00	$240.00	$480.00	$720.00	3200
$2.42	$6.05	$12.10	$24.20	$48.40	$121.00	$242.00	$484.00	$726.00	50000
$2.44	$6.10	$12.20	$24.40	$48.80	$122.00	$244.00	$488.00	$732.00	36363.64
$2.46	$6.15	$12.30	$24.60	$49.20	$123.00	$246.00	$492.00	$738.00	36363.64
$2.48	$6.20	$12.40	$24.80	$49.60	$124.00	$248.00	$496.00	$744.00	50000
$2.50	$6.25	$12.50	$25.00	$50.00	$125.00	$250.00	$500.00	$750.00	2116.4
$2.52	$6.30	$12.60	$25.20	$50.40	$126.00	$252.00	$504.00	$756.00	11764.71
$2.54	$6.35	$12.70	$25.40	$50.80	$127.00	$254.00	$508.00	$762.00	12500
$2.56	$6.40	$12.80	$25.60	$51.20	$128.00	$256.00	$512.00	$768.00	9756.1
$2.58	$6.45	$12.90	$25.80	$51.60	$129.00	$258.00	$516.00	$774.00	12903.23
$2.60	$6.50	$13.00	$26.00	$52.00	$130.00	$260.00	$520.00	$780.00	16000
$2.62	$6.55	$13.10	$26.20	$52.40	$131.00	$262.00	$524.00	$786.00	12500
$2.64	$6.60	$13.20	$26.40	$52.80	$132.00	$264.00	$528.00	$792.00	12500
$2.66	$6.65	$13.30	$26.60	$53.20	$133.00	$266.00	$532.00	$798.00	50000
$2.68	$6.70	$13.40	$26.80	$53.60	$134.00	$268.00	$536.00	$804.00	23529.41
$2.70	$6.75	$13.50	$27.00	$54.00	$135.00	$270.00	$540.00	$810.00	1355.93
$2.72	$6.80	$13.60	$27.20	$54.40	$136.00	$272.00	$544.00	$816.00	20000
$2.74	$6.85	$13.70	$27.40	$54.80	$137.00	$274.00	$548.00	$822.00	12903.23
$2.76	$6.90	$13.80	$27.60	$55.20	$138.00	$276.00	$552.00	$828.00	57142.86
$2.78	$6.95	$13.90	$27.80	$55.60	$139.00	$278.00	$556.00	$834.00	33333.33
$2.80	$7.00	$14.00	$28.00	$56.00	$140.00	$280.00	$560.00	$840.00	2877.7
$2.82	$7.05	$14.10	$28.20	$56.40	$141.00	$282.00	$564.00	$846.00	15384.62
$2.84	$7.10	$14.20	$28.40	$56.80	$142.00	$284.00	$568.00	$852.00	11764.71
$2.86	$7.15	$14.30	$28.60	$57.20	$143.00	$286.00	$572.00	$858.00	16666.67
$2.88	$7.20	$14.40	$28.80	$57.60	$144.00	$288.00	$576.00	$864.00	22222.22
$2.90	$7.25	$14.50	$29.00	$58.00	$145.00	$290.00	$580.00	$870.00	2515.72
$2.92	$7.30	$14.60	$29.20	$58.40	$146.00	$292.00	$584.00	$876.00	23529.41
$2.94	$7.35	$14.70	$29.40	$58.80	$147.00	$294.00	$588.00	$882.00	30769.23
$2.96	$7.40	$14.80	$29.60	$59.20	$148.00	$296.00	$592.00	$888.00	28571.43
$2.98	$7.45	$14.90	$29.80	$59.60	$149.00	$298.00	$596.00	$894.00	28571.43
$3.00	$7.50	$15.00	$30.00	$60.00	$150.00	$300.00	$600.00	$900.00	1503.76
$3.02	$7.55	$15.10	$30.20	$60.40	$151.00	$302.00	$604.00	$906.00	7017.54
$3.04	$7.60	$15.20	$30.40	$60.80	$152.00	$304.00	$608.00	$912.00	7017.54
$3.06	$7.65	$15.30	$30.60	$61.20	$153.00	$306.00	$612.00	$918.00	13333.33
$3.08	$7.70	$15.40	$30.80	$61.60	$154.00	$308.00	$616.00	$924.00	19047.62
$3.10	$7.75	$15.50	$31.00	$62.00	$155.00	$310.00	$620.00	$930.00	8163.27
$3.12	$7.80	$15.60	$31.20	$62.40	$156.00	$312.00	$624.00	$936.00	14814.81
$3.14	$7.85	$15.70	$31.40	$62.80	$157.00	$314.00	$628.00	$942.00	23529.41
$3.16	$7.90	$15.80	$31.60	$63.20	$158.00	$316.00	$632.00	$948.00	50000
$3.18	$7.95	$15.90	$31.80	$63.60	$159.00	$318.00	$636.00	$954.00	57142.86
$3.20	$8.00	$16.00	$32.00	$64.00	$160.00	$320.00	$640.00	$960.00	2366.86
$3.22	$8.05	$16.10	$32.20	$64.40	$161.00	$322.00	$644.00	$966.00	30769.23
$3.24	$8.10	$16.20	$32.40	$64.80	$162.00	$324.00	$648.00	$972.00	16666.67
$3.26	$8.15	$16.30	$32.60	$65.20	$163.00	$326.00	$652.00	$978.00	66666.67
$3.28	$8.20	$16.40	$32.80	$65.60	$164.00	$328.00	$656.00	$984.00	33333.33
$3.30	$8.25	$16.50	$33.00	$66.00	$165.00	$330.00	$660.00	$990.00	2439.02
$3.32	$8.30	$16.60	$33.20	$66.40	$166.00	$332.00	$664.00	$996.00	18181.82
$3.34	$8.35	$16.70	$33.40	$66.80	$167.00	$334.00	$668.00	$1,002.00	28571.43
$3.36	$8.40	$16.80	$33.60	$67.20	$168.00	$336.00	$672.00	$1,008.00	25000
$3.38	$8.45	$16.90	$33.80	$67.60	$169.00	$338.00	$676.00	$1,014.00	30769.23
$3.40	$8.50	$17.00	$34.00	$68.00	$170.00	$340.00	$680.00	$1,020.00	5633.8
$3.42	$8.55	$17.10	$34.20	$68.40	$171.00	$342.00	$684.00	$1,026.00	40000
$3.44	$8.60	$17.20	$34.40	$68.80	$172.00	$344.00	$688.00	$1,032.00	40000
$3.48	$8.70	$17.40	$34.80	$69.60	$174.00	$348.00	$696.00	$1,044.00	80000
$3.50	$8.75	$17.50	$35.00	$70.00	$175.00	$350.00	$700.00	$1,050.00	3773.58
$3.52	$8.80	$17.60	$35.20	$70.40	$176.00	$352.00	$704.00	$1,056.00	16000
$3.54	$8.85	$17.70	$35.40	$70.80	$177.00	$354.00	$708.00	$1,062.00	11764.71
$3.56	$8.90	$17.80	$35.60	$71.20	$178.00	$356.00	$712.00	$1,068.00	36363.64
$3.58	$8.95	$17.90	$35.80	$71.60	$179.00	$358.00	$716.00	$1,074.00	100000
$3.60	$9.00	$18.00	$36.00	$72.00	$180.00	$360.00	$720.00	$1,080.00	9756.1
$3.62	$9.05	$18.10	$36.20	$72.40	$181.00	$362.00	$724.00	$1,086.00	21052.63
$3.64	$9.10	$18.20	$36.40	$72.80	$182.00	$364.00	$728.00	$1,092.00	25000
$3.66	$9.15	$18.30	$36.60	$73.20	$183.00	$366.00	$732.00	$1,098.00	100000
$3.68	$9.20	$18.40	$36.80	$73.60	$184.00	$368.00	$736.00	$1,104.00	66666.67
$3.70	$9.25	$18.50	$37.00	$74.00	$185.00	$370.00	$740.00	$1,110.00	13793.1
$3.72	$9.30	$18.60	$37.20	$74.40	$186.00	$372.00	$744.00	$1,116.00	25000
$3.74	$9.35	$18.70	$37.40	$74.80	$187.00	$374.00	$748.00	$1,122.00	57142.86
$3.76	$9.40	$18.80	$37.60	$75.20	$188.00	$376.00	$752.00	$1,128.00	44444.44
$3.78	$9.45	$18.90	$37.80	$75.60	$189.00	$378.00	$756.00	$1,134.00	50000
$3.80	$9.50	$19.00	$38.00	$76.00	$190.00	$380.00	$760.00	$1,140.00	8695.65
$3.82	$9.55	$19.10	$38.20	$76.40	$191.00	$382.00	$764.00	$1,146.00	30769.23
$3.84	$9.60	$19.20	$38.40	$76.80	$192.00	$384.00	$768.00	$1,152.00	40000
$3.86	$9.65	$19.30	$38.60	$77.20	$193.00	$386.00	$772.00	$1,158.00	40000
$3.88	$9.70	$19.40	$38.80	$77.60	$194.00	$388.00	$776.00	$1,164.00	133333.33
$3.90	$9.75	$19.50	$39.00	$78.00	$195.00	$390.00	$780.00	$1,170.00	21052.63
$3.92	$9.80	$19.60	$39.20	$78.40	$196.00	$392.00	$784.00	$1,176.00	50000
$3.94	$9.85	$19.70	$39.40	$78.80	$197.00	$394.00	$788.00	$1,182.00	133333.33
$3.96	$9.90	$19.80	$39.60	$79.20	$198.00	$396.00	$792.00	$1,188.00	100000
$3.98	$9.95	$19.90	$39.80	$79.60	$199.00	$398.00	$796.00	$1,194.00	200000
$4.00	$10.00	$20.00	$40.00	$80.00	$200.00	$400.00	$800.00	$1,200.00	4444.44
$4.02	$10.05	$20.10	$40.20	$80.40	$201.00	$402.00	$804.00	$1,206.00	20000
$4.04	$10.10	$20.20	$40.40	$80.80	$202.00	$404.00	$808.00	$1,212.00	16000
$4.06	$10.15	$20.30	$40.60	$81.20	$203.00	$406.00	$812.00	$1,218.00	36363.64
$4.08	$10.20	$20.40	$40.80	$81.60	$204.00	$408.00	$816.00	$1,224.00	26666.67
$4.10	$10.25	$20.50	$41.00	$82.00	$205.00	$410.00	$820.00	$1,230.00	13333.33
$4.12	$10.30	$20.60	$41.20	$82.40	$206.00	$412.00	$824.00	$1,236.00	33333.33
$4.14	$10.35	$20.70	$41.40	$82.80	$207.00	$414.00	$828.00	$1,242.00	50000
$4.16	$10.40	$20.80	$41.60	$83.20	$208.00	$416.00	$832.00	$1,248.00	36363.64
$4.18	$10.45	$20.90	$41.80	$83.60	$209.00	$418.00	$836.00	$1,254.00	133333.33
$4.20	$10.50	$21.00	$42.00	$84.00	$210.00	$420.00	$840.00	$1,260.00	13333.33
$4.22	$10.55	$21.10	$42.20	$84.40	$211.00	$422.00	$844.00	$1,266.00	57142.86
$4.24	$10.60	$21.20	$42.40	$84.80	$212.00	$424.00	$848.00	$1,272.00	23529.41
$4.26	$10.65	$21.30	$42.60	$85.20	$213.00	$426.00	$852.00	$1,278.00	66666.67
$4.28	$10.70	$21.40	$42.80	$85.60	$214.00	$428.00	$856.00	$1,284.00	200000
$4.30	$10.75	$21.50	$43.00	$86.00	$215.00	$430.00	$860.00	$1,290.00	15384.62
$4.32	$10.80	$21.60	$43.20	$86.40	$216.00	$432.00	$864.00	$1,296.00	40000
$4.34	$10.85	$21.70	$43.40	$86.80	$217.00	$434.00	$868.00	$1,302.00	100000
$4.36	$10.90	$21.80	$43.60	$87.20	$218.00	$436.00	$872.00	$1,308.00	400000
$4.38	$10.95	$21.90	$43.80	$87.60	$219.00	$438.00	$876.00	$1,314.00	40000
$4.40	$11.00	$22.00	$44.00	$88.00	$220.00	$440.00	$880.00	$1,320.00	14814.81
$4.42	$11.05	$22.10	$44.20	$88.40	$221.00	$442.00	$884.00	$1,326.00	36363.64
$4.44	$11.10	$22.20	$44.40	$88.80	$222.00	$444.00	$888.00	$1,332.00	57142.86
$4.46	$11.15	$22.30	$44.60	$89.20	$223.00	$446.00	$892.00	$1,338.00	100000
$4.48	$11.20	$22.40	$44.80	$89.60	$224.00	$448.00	$896.00	$1,344.00	400000
$4.50	$11.25	$22.50	$45.00	$90.00	$225.00	$450.00	$900.00	$1,350.00	6153.85
$4.52	$11.30	$22.60	$45.20	$90.40	$226.00	$452.00	$904.00	$1,356.00	13793.1
$4.54	$11.35	$22.70	$45.40	$90.80	$227.00	$454.00	$908.00	$1,362.00	14285.71
$4.56	$11.40	$22.80	$45.60	$91.20	$228.00	$456.00	$912.00	$1,368.00	30769.23
$4.58	$11.45	$22.90	$45.80	$91.60	$229.00	$458.00	$916.00	$1,374.00	40000
$4.60	$11.50	$23.00	$46.00	$92.00	$230.00	$460.00	$920.00	$1,380.00	50000
$4.62	$11.55	$23.10	$46.20	$92.40	$231.00	$462.00	$924.00	$1,386.00	400000
$4.64	$11.60	$23.20	$46.40	$92.80	$232.00	$464.00	$928.00	$1,392.00	50000
$4.68	$11.70	$23.40	$46.80	$93.60	$234.00	$468.00	$936.00	$1,404.00	200000
$4.70	$11.75	$23.50	$47.00	$94.00	$235.00	$470.00	$940.00	$1,410.00	11428.57
$4.72	$11.80	$23.60	$47.20	$94.40	$236.00	$472.00	$944.00	$1,416.00	100000
$4.74	$11.85	$23.70	$47.40	$94.80	$237.00	$474.00	$948.00	$1,422.00	57142.86
$4.76	$11.90	$23.80	$47.60	$95.20	$238.00	$476.00	$952.00	$1,428.00	100000
$4.78	$11.95	$23.90	$47.80	$95.60	$239.00	$478.00	$956.00	$1,434.00	100000
$4.80	$12.00	$24.00	$48.00	$96.00	$240.00	$480.00	$960.00	$1,440.00	6557.38
$4.82	$12.05	$24.10	$48.20	$96.40	$241.00	$482.00	$964.00	$1,446.00	40000
$4.84	$12.10	$24.20	$48.40	$96.80	$242.00	$484.00	$968.00	$1,452.00	50000
$4.86	$12.15	$24.30	$48.60	$97.20	$243.00	$486.00	$972.00	$1,458.00	80000
$4.88	$12.20	$24.40	$48.80	$97.60	$244.00	$488.00	$976.00	$1,464.00	400000
$4.90	$12.25	$24.50	$49.00	$98.00	$245.00	$490.00	$980.00	$1,470.00	23529.41
$4.92	$12.30	$24.60	$49.20	$98.40	$246.00	$492.00	$984.00	$1,476.00	100000
$4.94	$12.35	$24.70	$49.40	$98.80	$247.00	$494.00	$988.00	$1,482.00	28571.43
$4.96	$12.40	$24.80	$49.60	$99.20	$248.00	$496.00	$992.00	$1,488.00	400000
$4.98	$12.45	$24.90	$49.80	$99.60	$249.00	$498.00	$996.00	$1,494.00	100000
$5.00	$12.50	$25.00	$50.00	$100.00	$250.00	$500.00	$1,000.00	$1,500.00	5405.41
$5.10	$12.75	$25.50	$51.00	$102.00	$255.00	$510.00	$1,020.00	$1,530.00	71428.57
$5.20	$13.00	$26.00	$52.00	$104.00	$260.00	$520.00	$1,040.00	$1,560.00	64516.13
$5.30	$13.25	$26.50	$53.00	$106.00	$265.00	$530.00	$1,060.00	$1,590.00	95238.1
$5.40	$13.50	$27.00	$54.00	$108.00	$270.00	$540.00	$1,080.00	$1,620.00	95238.1
$5.50	$13.75	$27.50	$55.00	$110.00	$275.00	$550.00	$1,100.00	$1,650.00	31746.03
$5.60	$14.00	$28.00	$56.00	$112.00	$280.00	$560.00	$1,120.00	$1,680.00	71428.57
$5.70	$14.25	$28.50	$57.00	$114.00	$285.00	$570.00	$1,140.00	$1,710.00	46511.63
$5.80	$14.50	$29.00	$58.00	$116.00	$290.00	$580.00	$1,160.00	$1,740.00	86956.52
$5.90	$14.75	$29.50	$59.00	$118.00	$295.00	$590.00	$1,180.00	$1,770.00	181818.18
$6.00	$15.00	$30.00	$60.00	$120.00	$300.00	$600.00	$1,200.00	$1,800.00	24390.24
$6.10	$15.25	$30.50	$61.00	$122.00	$305.00	$610.00	$1,220.00	$1,830.00	125000
$6.20	$15.50	$31.00	$62.00	$124.00	$310.00	$620.00	$1,240.00	$1,860.00	333333.33
$6.30	$15.75	$31.50	$63.00	$126.00	$315.00	$630.00	$1,260.00	$1,890.00	181818.18
$6.40	$16.00	$32.00	$64.00	$128.00	$320.00	$640.00	$1,280.00	$1,920.00	2000000
$6.50	$16.25	$32.50	$65.00	$130.00	$325.00	$650.00	$1,300.00	$1,950.00	86956.52
$6.60	$16.50	$33.00	$66.00	$132.00	$330.00	$660.00	$1,320.00	$1,980.00	400000
$6.70	$16.75	$33.50	$67.00	$134.00	$335.00	$670.00	$1,340.00	$2,010.00	666666.67
$6.80	$17.00	$34.00	$68.00	$136.00	$340.00	$680.00	$1,360.00	$2,040.00	400000
$6.90	$17.25	$34.50	$69.00	$138.00	$345.00	$690.00	$1,380.00	$2,070.00	666666.67
$7.00	$17.50	$35.00	$70.00	$140.00	$350.00	$700.00	$1,400.00	$2,100.00	125000
$7.10	$17.75	$35.50	$71.00	$142.00	$355.00	$710.00	$1,420.00	$2,130.00	1000000
$7.20	$18.00	$36.00	$72.00	$144.00	$360.00	$720.00	$1,440.00	$2,160.00	285714.29
$7.30	$18.25	$36.50	$73.00	$146.00	$365.00	$730.00	$1,460.00	$2,190.00	285714.29
$7.40	$18.50	$37.00	$74.00	$148.00	$370.00	$740.00	$1,480.00	$2,220.00	1000000
$7.50	$18.75	$37.50	$75.00	$150.00	$375.00	$750.00	$1,500.00	$2,250.00	142857.14
$7.60	$19.00	$38.00	$76.00	$152.00	$380.00	$760.00	$1,520.00	$2,280.00	2000000
$7.70	$19.25	$38.50	$77.00	$154.00	$385.00	$770.00	$1,540.00	$2,310.00	2000000
$8.00	$20.00	$40.00	$80.00	$160.00	$400.00	$800.00	$1,600.00	$2,400.00	64516.13
$8.10	$20.25	$40.50	$81.00	$162.00	$405.00	$810.00	$1,620.00	$2,430.00	1000000
$8.20	$20.50	$41.00	$82.00	$164.00	$410.00	$820.00	$1,640.00	$2,460.00	666666.67
$8.40	$21.00	$42.00	$84.00	$168.00	$420.00	$840.00	$1,680.00	$2,520.00	2000000
$8.50	$21.25	$42.50	$85.00	$170.00	$425.00	$850.00	$1,700.00	$2,550.00	1000000
$8.60	$21.50	$43.00	$86.00	$172.00	$430.00	$860.00	$1,720.00	$2,580.00	2000000
$8.70	$21.75	$43.50	$87.00	$174.00	$435.00	$870.00	$1,740.00	$2,610.00	2000000
$8.80	$22.00	$44.00	$88.00	$176.00	$440.00	$880.00	$1,760.00	$2,640.00	2000000
$9.00	$22.50	$45.00	$90.00	$180.00	$450.00	$900.00	$1,800.00	$2,700.00	333333.33
$9.10	$22.75	$45.50	$91.00	$182.00	$455.00	$910.00	$1,820.00	$2,730.00	2000000
$9.20	$23.00	$46.00	$92.00	$184.00	$460.00	$920.00	$1,840.00	$2,760.00	2000000
$9.40	$23.50	$47.00	$94.00	$188.00	$470.00	$940.00	$1,880.00	$2,820.00	2000000
$9.50	$23.75	$47.50	$95.00	$190.00	$475.00	$950.00	$1,900.00	$2,850.00	2000000
$9.60	$24.00	$48.00	$96.00	$192.00	$480.00	$960.00	$1,920.00	$2,880.00	2000000
$9.70	$24.25	$48.50	$97.00	$194.00	$485.00	$970.00	$1,940.00	$2,910.00	1000000
$9.80	$24.50	$49.00	$98.00	$196.00	$490.00	$980.00	$1,960.00	$2,940.00	2000000
$9.90	$24.75	$49.50	$99.00	$198.00	$495.00	$990.00	$1,980.00	$2,970.00	2000000
$10.00	$25.00	$50.00	$100.00	$200.00	$500.00	$1,000.00	$2,000.00	$3,000.00	285714.29
$11.00	$27.50	$55.00	$110.00	$220.00	$550.00	$1,100.00	$2,200.00	$3,300.00	1000000
$15.00	$37.50	$75.00	$150.00	$300.00	$750.00	$1,500.00	$3,000.00	$4,500.00	1000000
$20.00	$50.00	$100.00	$200.00	$400.00	$1,000.00	$2,000.00	$4,000.00	$6,000.00	1000000
$25.00	$62.50	$125.00	$250.00	$500.00	$1,250.00	$2,500.00	$5,000.00	$7,500.00	100000
$50.00	$125.00	$250.00	$500.00	$1,000.00	$2,500.00	$5,000.00	$10,000.00	$15,000.00	1000000
$75.00	$187.50	$375.00	$750.00	$1,500.00	$3,750.00	$7,500.00	$15,000.00	$22,500.00	1000000
$100.00	$250.00	$500.00	$1,000.00	$2,000.00	$5,000.00	$10,000.00	$20,000.00	$30,000.00	1000000
$300.00	$750.00	$1,500.00	$3,000.00	$6,000.00	$15,000.00	$30,000.00	$60,000.00	$90,000.00	2000000
$500.00	$1,250.00	$2,500.00	$5,000.00	$10,000.00	$25,000.00	$50,000.00	$100,000.00	$150,000.00	2000000