$0.05	$0.10	$0.25	$0.50	$1.00	$2.00	
$0.05	$0.10	$0.25	$0.50	$1.00	$2.00	499.9998
$0.15	$0.30	$0.75	$1.50	$3.00	$6.00	399.9998
$0.20	$0.40	$1.00	$2.00	$4.00	$8.00	399.9998
$0.25	$0.50	$1.25	$2.50	$5.00	$10.00	399.9998
$0.50	$1.00	$2.50	$5.00	$10.00	$20.00	499.9998
$0.75	$1.50	$3.75	$7.50	$15.00	$30.00	999.9996
$2.50	$5.00	$12.50	$25.00	$50.00	$100.00	833.333
$3.75	$7.50	$18.75	$37.50	$75.00	$150.00	999.9996
$5.00	$10.00	$25.00	$50.00	$100.00	$200.00	1999.999
$10.00	$20.00	$50.00	$100.00	$200.00	$400.00	6666.664
$25.00	$50.00	$125.00	$250.00	$500.00	$1,000.00	99999.96
$50.00	$100.00	$250.00	$500.00	$1,000.00	$2,000.00	999999.6
$250.00	$500.00	$1,250.00	$2,500.00	$5,000.00	$10,000.00	9999996
$500.00	$1,000.00	$2,500.00	$5,000.00	$10,000.00	$20,000.00	9999996
$0.15	$0.30	$0.75	$1.50	$3.00	$6.00	999.9996
$0.20	$0.40	$1.00	$2.00	$4.00	$8.00	1333.333
$0.25	$0.50	$1.25	$2.50	$5.00	$10.00	1999.999
$0.50	$1.00	$2.50	$5.00	$10.00	$20.00	1999.999
$0.75	$1.50	$3.75	$7.50	$15.00	$30.00	3999.998
$1.00	$2.00	$5.00	$10.00	$20.00	$40.00	3999.998
$1.25	$2.50	$6.25	$12.50	$25.00	$50.00	4999.998
$1.50	$3.00	$7.50	$15.00	$30.00	$60.00	4999.998
$2.00	$4.00	$10.00	$20.00	$40.00	$80.00	6666.664
$2.50	$5.00	$12.50	$25.00	$50.00	$100.00	6666.664
$3.75	$7.50	$18.75	$37.50	$75.00	$150.00	6666.664
$5.00	$10.00	$25.00	$50.00	$100.00	$200.00	9999.996
$10.00	$20.00	$50.00	$100.00	$200.00	$400.00	9999.996
$20.00	$40.00	$100.00	$200.00	$400.00	$800.00	9999.996
$25.00	$50.00	$125.00	$250.00	$500.00	$1,000.00	19999.99
$50.00	$100.00	$250.00	$500.00	$1,000.00	$2,000.00	66666.64
$250.00	$500.00	$1,250.00	$2,500.00	$5,000.00	$10,000.00	9999996
$1,000.00	$2,000.00	$5,000.00	$10,000.00	$20,000.00	$40,000.00	9999996
$3.10	$6.20	$15.50	$31.00	$62.00	$124.00	333333.2
$3.80	$7.60	$19.00	$38.00	$76.00	$152.00	333333.2
$3.90	$7.80	$19.50	$39.00	$78.00	$156.00	333333.2
$4.10	$8.20	$20.50	$41.00	$82.00	$164.00	333333.2
$4.25	$8.50	$21.25	$42.50	$85.00	$170.00	333333.2
$4.65	$9.30	$23.25	$46.50	$93.00	$186.00	333333.2
$5.40	$10.80	$27.00	$54.00	$108.00	$216.00	333333.2
$5.65	$11.30	$28.25	$56.50	$113.00	$226.00	333333.2
$5.85	$11.70	$29.25	$58.50	$117.00	$234.00	333333.2
$6.10	$12.20	$30.50	$61.00	$122.00	$244.00	333333.2
$6.45	$12.90	$32.25	$64.50	$129.00	$258.00	333333.2
$6.50	$13.00	$32.50	$65.00	$130.00	$260.00	333333.2
$6.70	$13.40	$33.50	$67.00	$134.00	$268.00	333333.2
$6.75	$13.50	$33.75	$67.50	$135.00	$270.00	333333.2
$6.90	$13.80	$34.50	$69.00	$138.00	$276.00	333333.2
$7.15	$14.30	$35.75	$71.50	$143.00	$286.00	333333.2
$7.25	$14.50	$36.25	$72.50	$145.00	$290.00	333333.2
$7.35	$14.70	$36.75	$73.50	$147.00	$294.00	333333.2
$7.40	$14.80	$37.00	$74.00	$148.00	$296.00	333333.2
$7.50	$15.00	$37.50	$75.00	$150.00	$300.00	333333.2
$7.60	$15.20	$38.00	$76.00	$152.00	$304.00	333333.2
$7.75	$15.50	$38.75	$77.50	$155.00	$310.00	333333.2
$7.80	$15.60	$39.00	$78.00	$156.00	$312.00	333333.2
$8.00	$16.00	$40.00	$80.00	$160.00	$320.00	333333.2
$8.30	$16.60	$41.50	$83.00	$166.00	$332.00	333333.2
$8.35	$16.70	$41.75	$83.50	$167.00	$334.00	333333.2
$8.40	$16.80	$42.00	$84.00	$168.00	$336.00	333333.2
$9.00	$18.00	$45.00	$90.00	$180.00	$360.00	333333.2
$9.05	$18.10	$45.25	$90.50	$181.00	$362.00	333333.2
$9.25	$18.50	$46.25	$92.50	$185.00	$370.00	333333.2
$9.30	$18.60	$46.50	$93.00	$186.00	$372.00	333333.2
$9.40	$18.80	$47.00	$94.00	$188.00	$376.00	333333.2
$9.55	$19.10	$47.75	$95.50	$191.00	$382.00	333333.2
$9.65	$19.30	$48.25	$96.50	$193.00	$386.00	333333.2
$9.70	$19.40	$48.50	$97.00	$194.00	$388.00	333333.2
$9.80	$19.60	$49.00	$98.00	$196.00	$392.00	333333.2
$9.90	$19.80	$49.50	$99.00	$198.00	$396.00	333333.2
$9.95	$19.90	$49.75	$99.50	$199.00	$398.00	333333.2
$10.20	$20.40	$51.00	$102.00	$204.00	$408.00	333333.2
$10.25	$20.50	$51.25	$102.50	$205.00	$410.00	333333.2
$10.30	$20.60	$51.50	$103.00	$206.00	$412.00	333333.2
$10.35	$20.70	$51.75	$103.50	$207.00	$414.00	333333.2
$10.55	$21.10	$52.75	$105.50	$211.00	$422.00	333333.2
$10.70	$21.40	$53.50	$107.00	$214.00	$428.00	333333.2
$10.90	$21.80	$54.50	$109.00	$218.00	$436.00	333333.2
$11.05	$22.10	$55.25	$110.50	$221.00	$442.00	333333.2
$11.10	$22.20	$55.50	$111.00	$222.00	$444.00	333333.2
$11.15	$22.30	$55.75	$111.50	$223.00	$446.00	333333.2
$11.45	$22.90	$57.25	$114.50	$229.00	$458.00	333333.2
$11.50	$23.00	$57.50	$115.00	$230.00	$460.00	333333.2
$11.60	$23.20	$58.00	$116.00	$232.00	$464.00	333333.2
$11.65	$23.30	$58.25	$116.50	$233.00	$466.00	333333.2
$11.70	$23.40	$58.50	$117.00	$234.00	$468.00	666666.4
$11.85	$23.70	$59.25	$118.50	$237.00	$474.00	666666.4
$11.90	$23.80	$59.50	$119.00	$238.00	$476.00	666666.4
$12.20	$24.40	$61.00	$122.00	$244.00	$488.00	666666.4
$12.25	$24.50	$61.25	$122.50	$245.00	$490.00	666666.4
$12.40	$24.80	$62.00	$124.00	$248.00	$496.00	666666.4
$12.45	$24.90	$62.25	$124.50	$249.00	$498.00	666666.4
$12.60	$25.20	$63.00	$126.00	$252.00	$504.00	666666.4
$12.70	$25.40	$63.50	$127.00	$254.00	$508.00	666666.4
$12.80	$25.60	$64.00	$128.00	$256.00	$512.00	666666.4
$12.90	$25.80	$64.50	$129.00	$258.00	$516.00	666666.4
$12.95	$25.90	$64.75	$129.50	$259.00	$518.00	666666.4
$13.15	$26.30	$65.75	$131.50	$263.00	$526.00	666666.4
$13.20	$26.40	$66.00	$132.00	$264.00	$528.00	666666.4
$13.25	$26.50	$66.25	$132.50	$265.00	$530.00	666666.4
$13.30	$26.60	$66.50	$133.00	$266.00	$532.00	666666.4
$13.45	$26.90	$67.25	$134.50	$269.00	$538.00	666666.4
$13.55	$27.10	$67.75	$135.50	$271.00	$542.00	666666.4
$13.65	$27.30	$68.25	$136.50	$273.00	$546.00	666666.4
$13.70	$27.40	$68.50	$137.00	$274.00	$548.00	666666.4
$13.85	$27.70	$69.25	$138.50	$277.00	$554.00	666666.4
$13.95	$27.90	$69.75	$139.50	$279.00	$558.00	666666.4
$14.05	$28.10	$70.25	$140.50	$281.00	$562.00	333333.2
$14.10	$28.20	$70.50	$141.00	$282.00	$564.00	666666.4
$14.15	$28.30	$70.75	$141.50	$283.00	$566.00	666666.4
$14.20	$28.40	$71.00	$142.00	$284.00	$568.00	333333.2
$14.30	$28.60	$71.50	$143.00	$286.00	$572.00	666666.4
$14.35	$28.70	$71.75	$143.50	$287.00	$574.00	666666.4
$14.45	$28.90	$72.25	$144.50	$289.00	$578.00	333333.2
$14.50	$29.00	$72.50	$145.00	$290.00	$580.00	666666.4
$14.60	$29.20	$73.00	$146.00	$292.00	$584.00	333333.2
$14.65	$29.30	$73.25	$146.50	$293.00	$586.00	333333.2
$14.85	$29.70	$74.25	$148.50	$297.00	$594.00	222222.1
$14.90	$29.80	$74.50	$149.00	$298.00	$596.00	666666.4
$14.95	$29.90	$74.75	$149.50	$299.00	$598.00	666666.4
$15.10	$30.20	$75.50	$151.00	$302.00	$604.00	166666.6
$15.15	$30.30	$75.75	$151.50	$303.00	$606.00	333333.2
$15.25	$30.50	$76.25	$152.50	$305.00	$610.00	666666.4
$15.30	$30.60	$76.50	$153.00	$306.00	$612.00	666666.4
$15.40	$30.80	$77.00	$154.00	$308.00	$616.00	666666.4
$15.45	$30.90	$77.25	$154.50	$309.00	$618.00	333333.2
$15.55	$31.10	$77.75	$155.50	$311.00	$622.00	333333.2
$15.90	$31.80	$79.50	$159.00	$318.00	$636.00	666666.4
$16.10	$32.20	$80.50	$161.00	$322.00	$644.00	666666.4
$16.15	$32.30	$80.75	$161.50	$323.00	$646.00	666666.4
$16.30	$32.60	$81.50	$163.00	$326.00	$652.00	666666.4
$16.40	$32.80	$82.00	$164.00	$328.00	$656.00	666666.4
$16.50	$33.00	$82.50	$165.00	$330.00	$660.00	666666.4
$16.55	$33.10	$82.75	$165.50	$331.00	$662.00	666666.4
$16.65	$33.30	$83.25	$166.50	$333.00	$666.00	666666.4
$16.75	$33.50	$83.75	$167.50	$335.00	$670.00	333333.2
$16.80	$33.60	$84.00	$168.00	$336.00	$672.00	333333.2
$16.85	$33.70	$84.25	$168.50	$337.00	$674.00	222222.1
$16.90	$33.80	$84.50	$169.00	$338.00	$676.00	333333.2
$16.95	$33.90	$84.75	$169.50	$339.00	$678.00	666666.4
$17.10	$34.20	$85.50	$171.00	$342.00	$684.00	666666.4
$17.15	$34.30	$85.75	$171.50	$343.00	$686.00	666666.4
$17.25	$34.50	$86.25	$172.50	$345.00	$690.00	666666.4
$17.30	$34.60	$86.50	$173.00	$346.00	$692.00	666666.4
$17.40	$34.80	$87.00	$174.00	$348.00	$696.00	666666.4
$17.45	$34.90	$87.25	$174.50	$349.00	$698.00	333333.2
$17.55	$35.10	$87.75	$175.50	$351.00	$702.00	666666.4
$17.80	$35.60	$89.00	$178.00	$356.00	$712.00	666666.4
$17.85	$35.70	$89.25	$178.50	$357.00	$714.00	222222.1
$17.90	$35.80	$89.50	$179.00	$358.00	$716.00	666666.4
$18.05	$36.10	$90.25	$180.50	$361.00	$722.00	666666.4
$18.10	$36.20	$90.50	$181.00	$362.00	$724.00	666666.4
$18.20	$36.40	$91.00	$182.00	$364.00	$728.00	333333.2
$18.30	$36.60	$91.50	$183.00	$366.00	$732.00	333333.2
$18.35	$36.70	$91.75	$183.50	$367.00	$734.00	222222.1
$18.40	$36.80	$92.00	$184.00	$368.00	$736.00	222222.1
$18.45	$36.90	$92.25	$184.50	$369.00	$738.00	666666.4
$18.50	$37.00	$92.50	$185.00	$370.00	$740.00	666666.4
$18.55	$37.10	$92.75	$185.50	$371.00	$742.00	666666.4
$18.65	$37.30	$93.25	$186.50	$373.00	$746.00	666666.4
$18.70	$37.40	$93.50	$187.00	$374.00	$748.00	666666.4
$18.85	$37.70	$94.25	$188.50	$377.00	$754.00	666666.4
$19.10	$38.20	$95.50	$191.00	$382.00	$764.00	666666.4
$19.15	$38.30	$95.75	$191.50	$383.00	$766.00	333333.2
$19.20	$38.40	$96.00	$192.00	$384.00	$768.00	666666.4
$19.25	$38.50	$96.25	$192.50	$385.00	$770.00	666666.4
$19.45	$38.90	$97.25	$194.50	$389.00	$778.00	666666.4
$19.55	$39.10	$97.75	$195.50	$391.00	$782.00	333333.2
$19.60	$39.20	$98.00	$196.00	$392.00	$784.00	222222.1
$19.65	$39.30	$98.25	$196.50	$393.00	$786.00	333333.2
$20.05	$40.10	$100.25	$200.50	$401.00	$802.00	666666.4
$20.15	$40.30	$100.75	$201.50	$403.00	$806.00	666666.4
$20.25	$40.50	$101.25	$202.50	$405.00	$810.00	666666.4
$20.35	$40.70	$101.75	$203.50	$407.00	$814.00	333333.2
$20.45	$40.90	$102.25	$204.50	$409.00	$818.00	222222.1
$20.55	$41.10	$102.75	$205.50	$411.00	$822.00	666666.4
$20.60	$41.20	$103.00	$206.00	$412.00	$824.00	222222.1
$20.65	$41.30	$103.25	$206.50	$413.00	$826.00	666666.4
$20.70	$41.40	$103.50	$207.00	$414.00	$828.00	666666.4
$20.75	$41.50	$103.75	$207.50	$415.00	$830.00	666666.4
$20.95	$41.90	$104.75	$209.50	$419.00	$838.00	666666.4
$21.00	$42.00	$105.00	$210.00	$420.00	$840.00	666666.4
$21.15	$42.30	$105.75	$211.50	$423.00	$846.00	666666.4
$21.20	$42.40	$106.00	$212.00	$424.00	$848.00	333333.2
$21.25	$42.50	$106.25	$212.50	$425.00	$850.00	333333.2
$21.30	$42.60	$106.50	$213.00	$426.00	$852.00	333333.2
$21.40	$42.80	$107.00	$214.00	$428.00	$856.00	666666.4
$21.45	$42.90	$107.25	$214.50	$429.00	$858.00	666666.4
$21.60	$43.20	$108.00	$216.00	$432.00	$864.00	666666.4
$21.65	$43.30	$108.25	$216.50	$433.00	$866.00	333333.2
$21.70	$43.40	$108.50	$217.00	$434.00	$868.00	333333.2
$21.75	$43.50	$108.75	$217.50	$435.00	$870.00	666666.4
$21.85	$43.70	$109.25	$218.50	$437.00	$874.00	666666.4
$21.90	$43.80	$109.50	$219.00	$438.00	$876.00	666666.4
$22.00	$44.00	$110.00	$220.00	$440.00	$880.00	222222.1
$22.05	$44.10	$110.25	$220.50	$441.00	$882.00	222222.1
$22.10	$44.20	$110.50	$221.00	$442.00	$884.00	666666.4
$22.15	$44.30	$110.75	$221.50	$443.00	$886.00	666666.4
$22.20	$44.40	$111.00	$222.00	$444.00	$888.00	333333.2
$22.30	$44.60	$111.50	$223.00	$446.00	$892.00	333333.2
$22.40	$44.80	$112.00	$224.00	$448.00	$896.00	333333.2
$22.45	$44.90	$112.25	$224.50	$449.00	$898.00	666666.4
$22.60	$45.20	$113.00	$226.00	$452.00	$904.00	666666.4
$22.65	$45.30	$113.25	$226.50	$453.00	$906.00	666666.4
$22.70	$45.40	$113.50	$227.00	$454.00	$908.00	666666.4
$22.90	$45.80	$114.50	$229.00	$458.00	$916.00	666666.4
$22.95	$45.90	$114.75	$229.50	$459.00	$918.00	333333.2
$23.30	$46.60	$116.50	$233.00	$466.00	$932.00	666666.4
$23.35	$46.70	$116.75	$233.50	$467.00	$934.00	333333.2
$23.45	$46.90	$117.25	$234.50	$469.00	$938.00	666666.4
$23.50	$47.00	$117.50	$235.00	$470.00	$940.00	666666.4
$23.55	$47.10	$117.75	$235.50	$471.00	$942.00	666666.4
$23.70	$47.40	$118.50	$237.00	$474.00	$948.00	666666.4
$23.85	$47.70	$119.25	$238.50	$477.00	$954.00	666666.4
$23.90	$47.80	$119.50	$239.00	$478.00	$956.00	666666.4
$24.20	$48.40	$121.00	$242.00	$484.00	$968.00	666666.4
$24.40	$48.80	$122.00	$244.00	$488.00	$976.00	666666.4
$24.50	$49.00	$122.50	$245.00	$490.00	$980.00	666666.4
$24.55	$49.10	$122.75	$245.50	$491.00	$982.00	666666.4
$24.65	$49.30	$123.25	$246.50	$493.00	$986.00	666666.4
$24.90	$49.80	$124.50	$249.00	$498.00	$996.00	666666.4
$24.95	$49.90	$124.75	$249.50	$499.00	$998.00	333333.2
$25.00	$50.00	$125.00	$250.00	$500.00	$1,000.00	666666.4
$25.05	$50.10	$125.25	$250.50	$501.00	$1,002.00	666666.4
$25.10	$50.20	$125.50	$251.00	$502.00	$1,004.00	666666.4
$25.20	$50.40	$126.00	$252.00	$504.00	$1,008.00	333333.2
$25.25	$50.50	$126.25	$252.50	$505.00	$1,010.00	333333.2
$25.35	$50.70	$126.75	$253.50	$507.00	$1,014.00	333333.2
$25.40	$50.80	$127.00	$254.00	$508.00	$1,016.00	333333.2
$25.55	$51.10	$127.75	$255.50	$511.00	$1,022.00	666666.4
$25.70	$51.40	$128.50	$257.00	$514.00	$1,028.00	666666.4
$26.05	$52.10	$130.25	$260.50	$521.00	$1,042.00	666666.4
$26.35	$52.70	$131.75	$263.50	$527.00	$1,054.00	666666.4
$26.50	$53.00	$132.50	$265.00	$530.00	$1,060.00	666666.4
$26.55	$53.10	$132.75	$265.50	$531.00	$1,062.00	666666.4
$26.65	$53.30	$133.25	$266.50	$533.00	$1,066.00	666666.4
$26.75	$53.50	$133.75	$267.50	$535.00	$1,070.00	666666.4
$26.95	$53.90	$134.75	$269.50	$539.00	$1,078.00	666666.4
$27.10	$54.20	$135.50	$271.00	$542.00	$1,084.00	666666.4
$27.15	$54.30	$135.75	$271.50	$543.00	$1,086.00	666666.4
$27.40	$54.80	$137.00	$274.00	$548.00	$1,096.00	666666.4
$27.45	$54.90	$137.25	$274.50	$549.00	$1,098.00	666666.4
$27.50	$55.00	$137.50	$275.00	$550.00	$1,100.00	666666.4
$27.55	$55.10	$137.75	$275.50	$551.00	$1,102.00	666666.4
$27.70	$55.40	$138.50	$277.00	$554.00	$1,108.00	666666.4
$27.90	$55.80	$139.50	$279.00	$558.00	$1,116.00	666666.4
$28.00	$56.00	$140.00	$280.00	$560.00	$1,120.00	666666.4
$28.10	$56.20	$140.50	$281.00	$562.00	$1,124.00	666666.4
$28.15	$56.30	$140.75	$281.50	$563.00	$1,126.00	666666.4
$28.30	$56.60	$141.50	$283.00	$566.00	$1,132.00	666666.4
$28.35	$56.70	$141.75	$283.50	$567.00	$1,134.00	666666.4
$28.40	$56.80	$142.00	$284.00	$568.00	$1,136.00	666666.4
$28.45	$56.90	$142.25	$284.50	$569.00	$1,138.00	666666.4
$28.65	$57.30	$143.25	$286.50	$573.00	$1,146.00	666666.4
$28.80	$57.60	$144.00	$288.00	$576.00	$1,152.00	666666.4
$28.85	$57.70	$144.25	$288.50	$577.00	$1,154.00	666666.4
$28.95	$57.90	$144.75	$289.50	$579.00	$1,158.00	666666.4
$29.05	$58.10	$145.25	$290.50	$581.00	$1,162.00	666666.4
$29.15	$58.30	$145.75	$291.50	$583.00	$1,166.00	666666.4
$29.25	$58.50	$146.25	$292.50	$585.00	$1,170.00	666666.4
$29.50	$59.00	$147.50	$295.00	$590.00	$1,180.00	666666.4
$29.65	$59.30	$148.25	$296.50	$593.00	$1,186.00	666666.4
$29.85	$59.70	$149.25	$298.50	$597.00	$1,194.00	666666.4
$29.90	$59.80	$149.50	$299.00	$598.00	$1,196.00	666666.4
$30.05	$60.10	$150.25	$300.50	$601.00	$1,202.00	666666.4
$30.10	$60.20	$150.50	$301.00	$602.00	$1,204.00	666666.4
$30.20	$60.40	$151.00	$302.00	$604.00	$1,208.00	666666.4
$30.45	$60.90	$152.25	$304.50	$609.00	$1,218.00	666666.4
$30.65	$61.30	$153.25	$306.50	$613.00	$1,226.00	666666.4
$30.85	$61.70	$154.25	$308.50	$617.00	$1,234.00	666666.4
$30.90	$61.80	$154.50	$309.00	$618.00	$1,236.00	666666.4
$31.05	$62.10	$155.25	$310.50	$621.00	$1,242.00	666666.4
$31.50	$63.00	$157.50	$315.00	$630.00	$1,260.00	666666.4
$31.70	$63.40	$158.50	$317.00	$634.00	$1,268.00	666666.4
$31.75	$63.50	$158.75	$317.50	$635.00	$1,270.00	666666.4
$31.85	$63.70	$159.25	$318.50	$637.00	$1,274.00	666666.4
$31.90	$63.80	$159.50	$319.00	$638.00	$1,276.00	666666.4
$32.00	$64.00	$160.00	$320.00	$640.00	$1,280.00	666666.4
$32.15	$64.30	$160.75	$321.50	$643.00	$1,286.00	666666.4
$32.20	$64.40	$161.00	$322.00	$644.00	$1,288.00	666666.4
$32.30	$64.60	$161.50	$323.00	$646.00	$1,292.00	666666.4
$32.35	$64.70	$161.75	$323.50	$647.00	$1,294.00	666666.4
$32.40	$64.80	$162.00	$324.00	$648.00	$1,296.00	666666.4
$32.50	$65.00	$162.50	$325.00	$650.00	$1,300.00	666666.4
$32.70	$65.40	$163.50	$327.00	$654.00	$1,308.00	666666.4
$32.75	$65.50	$163.75	$327.50	$655.00	$1,310.00	666666.4
$32.85	$65.70	$164.25	$328.50	$657.00	$1,314.00	666666.4
$33.05	$66.10	$165.25	$330.50	$661.00	$1,322.00	666666.4
$33.15	$66.30	$165.75	$331.50	$663.00	$1,326.00	666666.4
$33.45	$66.90	$167.25	$334.50	$669.00	$1,338.00	666666.4
$33.55	$67.10	$167.75	$335.50	$671.00	$1,342.00	666666.4
$34.05	$68.10	$170.25	$340.50	$681.00	$1,362.00	666666.4
$34.40	$68.80	$172.00	$344.00	$688.00	$1,376.00	666666.4
$34.45	$68.90	$172.25	$344.50	$689.00	$1,378.00	666666.4
$34.50	$69.00	$172.50	$345.00	$690.00	$1,380.00	666666.4
$34.80	$69.60	$174.00	$348.00	$696.00	$1,392.00	666666.4
$34.90	$69.80	$174.50	$349.00	$698.00	$1,396.00	666666.4
$35.20	$70.40	$176.00	$352.00	$704.00	$1,408.00	666666.4
$35.30	$70.60	$176.50	$353.00	$706.00	$1,412.00	666666.4
$35.40	$70.80	$177.00	$354.00	$708.00	$1,416.00	666666.4
$35.45	$70.90	$177.25	$354.50	$709.00	$1,418.00	666666.4
$35.50	$71.00	$177.50	$355.00	$710.00	$1,420.00	666666.4
$35.55	$71.10	$177.75	$355.50	$711.00	$1,422.00	666666.4
$35.60	$71.20	$178.00	$356.00	$712.00	$1,424.00	666666.4
$35.65	$71.30	$178.25	$356.50	$713.00	$1,426.00	666666.4
$35.70	$71.40	$178.50	$357.00	$714.00	$1,428.00	666666.4
$36.20	$72.40	$181.00	$362.00	$724.00	$1,448.00	666666.4
$36.30	$72.60	$181.50	$363.00	$726.00	$1,452.00	666666.4
$36.35	$72.70	$181.75	$363.50	$727.00	$1,454.00	666666.4
$36.55	$73.10	$182.75	$365.50	$731.00	$1,462.00	666666.4
$36.65	$73.30	$183.25	$366.50	$733.00	$1,466.00	666666.4
$36.80	$73.60	$184.00	$368.00	$736.00	$1,472.00	666666.4
$36.95	$73.90	$184.75	$369.50	$739.00	$1,478.00	666666.4
$37.00	$74.00	$185.00	$370.00	$740.00	$1,480.00	666666.4
$37.30	$74.60	$186.50	$373.00	$746.00	$1,492.00	666666.4
$37.75	$75.50	$188.75	$377.50	$755.00	$1,510.00	666666.4
$37.95	$75.90	$189.75	$379.50	$759.00	$1,518.00	666666.4
$38.00	$76.00	$190.00	$380.00	$760.00	$1,520.00	666666.4
$38.15	$76.30	$190.75	$381.50	$763.00	$1,526.00	666666.4
$38.20	$76.40	$191.00	$382.00	$764.00	$1,528.00	666666.4
$38.45	$76.90	$192.25	$384.50	$769.00	$1,538.00	666666.4
$38.85	$77.70	$194.25	$388.50	$777.00	$1,554.00	666666.4
$39.00	$78.00	$195.00	$390.00	$780.00	$1,560.00	666666.4
$39.05	$78.10	$195.25	$390.50	$781.00	$1,562.00	666666.4
$39.50	$79.00	$197.50	$395.00	$790.00	$1,580.00	666666.4
$39.60	$79.20	$198.00	$396.00	$792.00	$1,584.00	666666.4
$39.65	$79.30	$198.25	$396.50	$793.00	$1,586.00	666666.4
$39.85	$79.70	$199.25	$398.50	$797.00	$1,594.00	666666.4
$39.90	$79.80	$199.50	$399.00	$798.00	$1,596.00	666666.4
$40.00	$80.00	$200.00	$400.00	$800.00	$1,600.00	666666.4
$40.10	$80.20	$200.50	$401.00	$802.00	$1,604.00	666666.4
$40.15	$80.30	$200.75	$401.50	$803.00	$1,606.00	666666.4
$40.25	$80.50	$201.25	$402.50	$805.00	$1,610.00	666666.4
$40.35	$80.70	$201.75	$403.50	$807.00	$1,614.00	666666.4
$40.55	$81.10	$202.75	$405.50	$811.00	$1,622.00	666666.4
$40.65	$81.30	$203.25	$406.50	$813.00	$1,626.00	666666.4
$40.75	$81.50	$203.75	$407.50	$815.00	$1,630.00	666666.4
$40.90	$81.80	$204.50	$409.00	$818.00	$1,636.00	666666.4
$40.95	$81.90	$204.75	$409.50	$819.00	$1,638.00	666666.4
$41.00	$82.00	$205.00	$410.00	$820.00	$1,640.00	666666.4
$41.10	$82.20	$205.50	$411.00	$822.00	$1,644.00	666666.4
$41.15	$82.30	$205.75	$411.50	$823.00	$1,646.00	666666.4
$41.20	$82.40	$206.00	$412.00	$824.00	$1,648.00	666666.4
$41.70	$83.40	$208.50	$417.00	$834.00	$1,668.00	666666.4
$41.80	$83.60	$209.00	$418.00	$836.00	$1,672.00	666666.4
$41.85	$83.70	$209.25	$418.50	$837.00	$1,674.00	666666.4
$41.95	$83.90	$209.75	$419.50	$839.00	$1,678.00	666666.4
$42.15	$84.30	$210.75	$421.50	$843.00	$1,686.00	666666.4
$42.25	$84.50	$211.25	$422.50	$845.00	$1,690.00	666666.4
$42.45	$84.90	$212.25	$424.50	$849.00	$1,698.00	666666.4
$42.95	$85.90	$214.75	$429.50	$859.00	$1,718.00	666666.4
$43.00	$86.00	$215.00	$430.00	$860.00	$1,720.00	666666.4
$43.05	$86.10	$215.25	$430.50	$861.00	$1,722.00	666666.4
$43.40	$86.80	$217.00	$434.00	$868.00	$1,736.00	666666.4
$43.65	$87.30	$218.25	$436.50	$873.00	$1,746.00	666666.4
$43.80	$87.60	$219.00	$438.00	$876.00	$1,752.00	666666.4
$43.85	$87.70	$219.25	$438.50	$877.00	$1,754.00	666666.4
$43.90	$87.80	$219.50	$439.00	$878.00	$1,756.00	666666.4
$44.10	$88.20	$220.50	$441.00	$882.00	$1,764.00	666666.4
$44.55	$89.10	$222.75	$445.50	$891.00	$1,782.00	666666.4
$45.10	$90.20	$225.50	$451.00	$902.00	$1,804.00	666666.4
$45.25	$90.50	$226.25	$452.50	$905.00	$1,810.00	666666.4
$45.45	$90.90	$227.25	$454.50	$909.00	$1,818.00	666666.4
$45.50	$91.00	$227.50	$455.00	$910.00	$1,820.00	666666.4
$45.55	$91.10	$227.75	$455.50	$911.00	$1,822.00	666666.4
$46.15	$92.30	$230.75	$461.50	$923.00	$1,846.00	666666.4
$46.40	$92.80	$232.00	$464.00	$928.00	$1,856.00	666666.4
$46.50	$93.00	$232.50	$465.00	$930.00	$1,860.00	666666.4
$46.65	$93.30	$233.25	$466.50	$933.00	$1,866.00	666666.4
$46.75	$93.50	$233.75	$467.50	$935.00	$1,870.00	666666.4
$46.90	$93.80	$234.50	$469.00	$938.00	$1,876.00	666666.4
$47.00	$94.00	$235.00	$470.00	$940.00	$1,880.00	666666.4
$47.30	$94.60	$236.50	$473.00	$946.00	$1,892.00	666666.4
$47.65	$95.30	$238.25	$476.50	$953.00	$1,906.00	666666.4
$47.80	$95.60	$239.00	$478.00	$956.00	$1,912.00	666666.4
$47.85	$95.70	$239.25	$478.50	$957.00	$1,914.00	666666.4
$48.45	$96.90	$242.25	$484.50	$969.00	$1,938.00	666666.4
$48.65	$97.30	$243.25	$486.50	$973.00	$1,946.00	666666.4
$48.75	$97.50	$243.75	$487.50	$975.00	$1,950.00	666666.4
$48.80	$97.60	$244.00	$488.00	$976.00	$1,952.00	666666.4
$49.40	$98.80	$247.00	$494.00	$988.00	$1,976.00	666666.4
$50.15	$100.30	$250.75	$501.50	$1,003.00	$2,006.00	666666.4
$50.20	$100.40	$251.00	$502.00	$1,004.00	$2,008.00	666666.4
$50.65	$101.30	$253.25	$506.50	$1,013.00	$2,026.00	666666.4
$50.80	$101.60	$254.00	$508.00	$1,016.00	$2,032.00	666666.4
$51.30	$102.60	$256.50	$513.00	$1,026.00	$2,052.00	666666.4
$51.45	$102.90	$257.25	$514.50	$1,029.00	$2,058.00	666666.4
$51.60	$103.20	$258.00	$516.00	$1,032.00	$2,064.00	666666.4
$52.20	$104.40	$261.00	$522.00	$1,044.00	$2,088.00	666666.4
$52.95	$105.90	$264.75	$529.50	$1,059.00	$2,118.00	666666.4
$53.00	$106.00	$265.00	$530.00	$1,060.00	$2,120.00	666666.4
$53.40	$106.80	$267.00	$534.00	$1,068.00	$2,136.00	666666.4
$54.30	$108.60	$271.50	$543.00	$1,086.00	$2,172.00	666666.4
$54.70	$109.40	$273.50	$547.00	$1,094.00	$2,188.00	666666.4
$56.05	$112.10	$280.25	$560.50	$1,121.00	$2,242.00	666666.4
$56.15	$112.30	$280.75	$561.50	$1,123.00	$2,246.00	666666.4
$57.35	$114.70	$286.75	$573.50	$1,147.00	$2,294.00	666666.4
$57.55	$115.10	$287.75	$575.50	$1,151.00	$2,302.00	666666.4
$57.60	$115.20	$288.00	$576.00	$1,152.00	$2,304.00	666666.4
$57.65	$115.30	$288.25	$576.50	$1,153.00	$2,306.00	666666.4
$58.15	$116.30	$290.75	$581.50	$1,163.00	$2,326.00	666666.4
$60.05	$120.10	$300.25	$600.50	$1,201.00	$2,402.00	666666.4
$60.55	$121.10	$302.75	$605.50	$1,211.00	$2,422.00	666666.4
$61.25	$122.50	$306.25	$612.50	$1,225.00	$2,450.00	666666.4
$62.05	$124.10	$310.25	$620.50	$1,241.00	$2,482.00	666666.4
$62.40	$124.80	$312.00	$624.00	$1,248.00	$2,496.00	666666.4
$62.60	$125.20	$313.00	$626.00	$1,252.00	$2,504.00	666666.4
$62.80	$125.60	$314.00	$628.00	$1,256.00	$2,512.00	666666.4
$62.85	$125.70	$314.25	$628.50	$1,257.00	$2,514.00	666666.4
$63.15	$126.30	$315.75	$631.50	$1,263.00	$2,526.00	666666.4
$63.40	$126.80	$317.00	$634.00	$1,268.00	$2,536.00	666666.4
$64.40	$128.80	$322.00	$644.00	$1,288.00	$2,576.00	666666.4
$65.20	$130.40	$326.00	$652.00	$1,304.00	$2,608.00	666666.4
$65.80	$131.60	$329.00	$658.00	$1,316.00	$2,632.00	666666.4
$66.05	$132.10	$330.25	$660.50	$1,321.00	$2,642.00	666666.4
$66.80	$133.60	$334.00	$668.00	$1,336.00	$2,672.00	666666.4
$67.80	$135.60	$339.00	$678.00	$1,356.00	$2,712.00	666666.4
$68.60	$137.20	$343.00	$686.00	$1,372.00	$2,744.00	666666.4
$69.05	$138.10	$345.25	$690.50	$1,381.00	$2,762.00	666666.4
$70.50	$141.00	$352.50	$705.00	$1,410.00	$2,820.00	666666.4
$71.50	$143.00	$357.50	$715.00	$1,430.00	$2,860.00	666666.4
$71.65	$143.30	$358.25	$716.50	$1,433.00	$2,866.00	666666.4
$72.65	$145.30	$363.25	$726.50	$1,453.00	$2,906.00	666666.4
$73.65	$147.30	$368.25	$736.50	$1,473.00	$2,946.00	666666.4
$77.00	$154.00	$385.00	$770.00	$1,540.00	$3,080.00	666666.4
$82.70	$165.40	$413.50	$827.00	$1,654.00	$3,308.00	666666.4
$82.95	$165.90	$414.75	$829.50	$1,659.00	$3,318.00	666666.4
$83.35	$166.70	$416.75	$833.50	$1,667.00	$3,334.00	666666.4
$86.15	$172.30	$430.75	$861.50	$1,723.00	$3,446.00	666666.4
$95.10	$190.20	$475.50	$951.00	$1,902.00	$3,804.00	666666.4
$97.35	$194.70	$486.75	$973.50	$1,947.00	$3,894.00	666666.4